id,pokemon_id,form_variation,form_variation_name,form_variation_name_ko,is_default,introduced_in_version_group_id,sprite_url
1,1,0,,,1,1,/static/pokemon_forms/0001_00_Bulbasaur.png
2,2,0,,,1,1,/static/pokemon_forms/0002_00_Ivysaur.png
3,3,0,,,1,1,/static/pokemon_forms/0003_00_Venusaur.png
4,4,0,,,1,1,/static/pokemon_forms/0003_01_Venusaur.png
5,5,0,,,1,1,/static/pokemon_forms/0003_02_Venusaur.png
6,6,0,,,1,1,/static/pokemon_forms/0004_00_Charmander.png
7,7,0,,,1,1,/static/pokemon_forms/0005_00_Charmeleon.png
8,8,0,,,1,1,/static/pokemon_forms/0006_00_Charizard.png
9,9,0,,,1,1,/static/pokemon_forms/0006_01_Charizard.png
10,10,0,,,1,1,/static/pokemon_forms/0006_02_Charizard.png
11,11,0,,,1,1,/static/pokemon_forms/0006_03_Charizard.png
12,12,0,,,1,1,/static/pokemon_forms/0007_00_Squirtle.png
13,13,0,,,1,1,/static/pokemon_forms/0008_00_Wartortle.png
14,14,0,,,1,1,/static/pokemon_forms/0009_00_Blastoise.png
15,15,0,,,1,1,/static/pokemon_forms/0009_01_Blastoise.png
16,16,0,,,1,1,/static/pokemon_forms/0009_02_Blastoise.png
17,17,0,,,1,1,/static/pokemon_forms/0010_00_Caterpie.png
18,18,0,,,1,1,/static/pokemon_forms/0011_00_Metapod.png
19,19,0,,,1,1,/static/pokemon_forms/0012_00_Butterfree.png
20,20,0,,,1,1,/static/pokemon_forms/0012_01_Butterfree.png
21,21,0,,,1,1,/static/pokemon_forms/0013_00_Weedle.png
22,22,0,,,1,1,/static/pokemon_forms/0014_00_Kakuna.png
23,23,0,,,1,1,/static/pokemon_forms/0015_00_Beedrill.png
24,24,0,,,1,1,/static/pokemon_forms/0015_01_Beedrill.png
25,25,0,,,1,1,/static/pokemon_forms/0016_00_Pidgey.png
26,26,0,,,1,1,/static/pokemon_forms/0017_00_Pidgeotto.png
27,27,0,,,1,1,/static/pokemon_forms/0018_00_Pidgeot.png
28,28,0,,,1,1,/static/pokemon_forms/0018_01_Pidgeot.png
29,29,0,,,1,1,/static/pokemon_forms/0019_00_Rattata.png
30,30,0,,,1,1,/static/pokemon_forms/0019_01_Rattata.png
31,31,0,,,1,1,/static/pokemon_forms/0020_00_Raticate.png
32,32,0,,,1,1,/static/pokemon_forms/0020_01_Raticate.png
33,33,0,,,1,1,/static/pokemon_forms/0020_02_Raticate.png
34,34,0,,,1,1,/static/pokemon_forms/0021_00_Spearow.png
35,35,0,,,1,1,/static/pokemon_forms/0022_00_Fearow.png
36,36,0,,,1,1,/static/pokemon_forms/0023_00_Ekans.png
37,37,0,,,1,1,/static/pokemon_forms/0024_00_Arbok.png
38,38,0,,,1,1,/static/pokemon_forms/0025_00_Pikachu.png
39,39,0,,,1,1,/static/pokemon_forms/0025_01_Pikachu.png
40,40,0,,,1,1,/static/pokemon_forms/0025_02_Pikachu.png
41,41,0,,,1,1,/static/pokemon_forms/0025_03_Pikachu.png
42,42,0,,,1,1,/static/pokemon_forms/0025_04_Pikachu.png
43,43,0,,,1,1,/static/pokemon_forms/0025_05_Pikachu.png
44,44,0,,,1,1,/static/pokemon_forms/0025_06_Pikachu.png
45,45,0,,,1,1,/static/pokemon_forms/0025_07_Pikachu.png
46,46,0,,,1,1,/static/pokemon_forms/0025_08_Pikachu.png
47,47,0,,,1,1,/static/pokemon_forms/0025_09_Pikachu.png
48,48,0,,,1,1,/static/pokemon_forms/0025_10_Pikachu.png
49,49,0,,,1,1,/static/pokemon_forms/0025_11_Pikachu.png
50,50,0,,,1,1,/static/pokemon_forms/0025_12_Pikachu.png
51,51,0,,,1,1,/static/pokemon_forms/0025_13_Pikachu.png
52,52,0,,,1,1,/static/pokemon_forms/0025_14_Pikachu.png
53,53,0,,,1,1,/static/pokemon_forms/0025_15_Pikachu.png
54,54,0,,,1,1,/static/pokemon_forms/0025_16_Pikachu.png
55,55,0,,,1,1,/static/pokemon_forms/0026_00_Raichu.png
56,56,0,,,1,1,/static/pokemon_forms/0026_01_Raichu.png
57,57,0,,,1,1,/static/pokemon_forms/0026_02_Raichu.png
58,58,0,,,1,1,/static/pokemon_forms/0026_03_Raichu.png
59,59,0,,,1,1,/static/pokemon_forms/0027_00_Sandshrew.png
60,60,0,,,1,1,/static/pokemon_forms/0027_01_Sandshrew.png
61,61,0,,,1,1,/static/pokemon_forms/0028_00_Sandslash.png
62,62,0,,,1,1,/static/pokemon_forms/0028_01_Sandslash.png
63,63,0,,,1,1,/static/pokemon_forms/0029_00_Nidoran♀.png
64,64,0,,,1,1,/static/pokemon_forms/0030_00_Nidorina.png
65,65,0,,,1,1,/static/pokemon_forms/0031_00_Nidoqueen.png
66,66,0,,,1,1,/static/pokemon_forms/0032_00_Nidoran♂.png
67,67,0,,,1,1,/static/pokemon_forms/0033_00_Nidorino.png
68,68,0,,,1,1,/static/pokemon_forms/0034_00_Nidoking.png
69,69,0,,,1,1,/static/pokemon_forms/0035_00_Clefairy.png
70,70,0,,,1,1,/static/pokemon_forms/0036_00_Clefable.png
71,71,0,,,1,1,/static/pokemon_forms/0036_01_Clefable.png
72,72,0,,,1,1,/static/pokemon_forms/0037_00_Vulpix.png
73,73,0,,,1,1,/static/pokemon_forms/0037_01_Vulpix.png
74,74,0,,,1,1,/static/pokemon_forms/0038_00_Ninetales.png
75,75,0,,,1,1,/static/pokemon_forms/0038_02_Ninetales.png
76,76,0,,,1,1,/static/pokemon_forms/0039_00_Jigglypuff.png
77,77,0,,,1,1,/static/pokemon_forms/0040_00_Wigglytuff.png
78,78,0,,,1,1,/static/pokemon_forms/0041_00_Zubat.png
79,79,0,,,1,1,/static/pokemon_forms/0042_00_Golbat.png
80,80,0,,,1,1,/static/pokemon_forms/0043_00_Oddish.png
81,81,0,,,1,1,/static/pokemon_forms/0044_00_Gloom.png
82,82,0,,,1,1,/static/pokemon_forms/0045_00_Vileplume.png
83,83,0,,,1,1,/static/pokemon_forms/0046_00_Paras.png
84,84,0,,,1,1,/static/pokemon_forms/0047_00_Parasect.png
85,85,0,,,1,1,/static/pokemon_forms/0048_00_Venonat.png
86,86,0,,,1,1,/static/pokemon_forms/0049_00_Venomoth.png
87,87,0,,,1,1,/static/pokemon_forms/0050_00_Diglett.png
88,88,0,,,1,1,/static/pokemon_forms/0050_01_Diglett.png
89,89,0,,,1,1,/static/pokemon_forms/0051_00_Dugtrio.png
90,90,0,,,1,1,/static/pokemon_forms/0051_01_Dugtrio.png
91,91,0,,,1,1,/static/pokemon_forms/0052_00_Meowth.png
92,92,0,,,1,1,/static/pokemon_forms/0052_01_Meowth.png
93,93,0,,,1,1,/static/pokemon_forms/0052_02_Meowth.png
94,94,0,,,1,1,/static/pokemon_forms/0052_03_Meowth.png
95,95,0,,,1,1,/static/pokemon_forms/0053_00_Persian.png
96,96,0,,,1,1,/static/pokemon_forms/0053_01_Persian.png
97,97,0,,,1,1,/static/pokemon_forms/0054_00_Psyduck.png
98,98,0,,,1,1,/static/pokemon_forms/0055_00_Golduck.png
99,99,0,,,1,1,/static/pokemon_forms/0056_00_Mankey.png
100,100,0,,,1,1,/static/pokemon_forms/0057_00_Primeape.png
101,101,0,,,1,1,/static/pokemon_forms/0058_00_Growlithe.png
102,102,0,,,1,1,/static/pokemon_forms/0058_01_Growlithe.png
103,103,0,,,1,1,/static/pokemon_forms/0059_00_Arcanine.png
104,104,0,,,1,1,/static/pokemon_forms/0059_01_Arcanine.png
105,105,0,,,1,1,/static/pokemon_forms/0060_00_Poliwag.png
106,106,0,,,1,1,/static/pokemon_forms/0061_00_Poliwhirl.png
107,107,0,,,1,1,/static/pokemon_forms/0062_00_Poliwrath.png
108,108,0,,,1,1,/static/pokemon_forms/0063_00_Abra.png
109,109,0,,,1,1,/static/pokemon_forms/0064_00_Kadabra.png
110,110,0,,,1,1,/static/pokemon_forms/0065_00_Alakazam.png
111,111,0,,,1,1,/static/pokemon_forms/0065_01_Alakazam.png
112,112,0,,,1,1,/static/pokemon_forms/0066_00_Machop.png
113,113,0,,,1,1,/static/pokemon_forms/0067_00_Machoke.png
114,114,0,,,1,1,/static/pokemon_forms/0068_00_Machamp.png
115,115,0,,,1,1,/static/pokemon_forms/0068_01_Machamp.png
116,116,0,,,1,1,/static/pokemon_forms/0069_00_Bellsprout.png
117,117,0,,,1,1,/static/pokemon_forms/0070_00_Weepinbell.png
118,118,0,,,1,1,/static/pokemon_forms/0071_00_Victreebel.png
119,119,0,,,1,1,/static/pokemon_forms/0071_01_Victreebel.png
120,120,0,,,1,1,/static/pokemon_forms/0072_00_Tentacool.png
121,121,0,,,1,1,/static/pokemon_forms/0073_00_Tentacruel.png
122,122,0,,,1,1,/static/pokemon_forms/0074_00_Geodude.png
123,123,0,,,1,1,/static/pokemon_forms/0074_01_Geodude.png
124,124,0,,,1,1,/static/pokemon_forms/0075_00_Graveler.png
125,125,0,,,1,1,/static/pokemon_forms/0075_01_Graveler.png
126,126,0,,,1,1,/static/pokemon_forms/0076_00_Golem.png
127,127,0,,,1,1,/static/pokemon_forms/0076_01_Golem.png
128,128,0,,,1,1,/static/pokemon_forms/0077_00_Ponyta.png
129,129,0,,,1,1,/static/pokemon_forms/0077_01_Ponyta.png
130,130,0,,,1,1,/static/pokemon_forms/0078_00_Rapidash.png
131,131,0,,,1,1,/static/pokemon_forms/0078_01_Rapidash.png
132,132,0,,,1,1,/static/pokemon_forms/0079_00_Slowpoke.png
133,133,0,,,1,1,/static/pokemon_forms/0079_01_Slowpoke.png
134,134,0,,,1,1,/static/pokemon_forms/0080_00_Slowbro.png
135,135,0,,,1,1,/static/pokemon_forms/0080_01_Slowbro.png
136,136,0,,,1,1,/static/pokemon_forms/0080_02_Slowbro.png
137,137,0,,,1,1,/static/pokemon_forms/0081_00_Magnemite.png
138,138,0,,,1,1,/static/pokemon_forms/0082_00_Magneton.png
139,139,0,,,1,1,/static/pokemon_forms/0083_00_Farfetch'd.png
140,140,0,,,1,1,/static/pokemon_forms/0083_01_Farfetch'd.png
141,141,0,,,1,1,/static/pokemon_forms/0084_00_Doduo.png
142,142,0,,,1,1,/static/pokemon_forms/0085_00_Dodrio.png
143,143,0,,,1,1,/static/pokemon_forms/0086_00_Seel.png
144,144,0,,,1,1,/static/pokemon_forms/0087_00_Dewgong.png
145,145,0,,,1,1,/static/pokemon_forms/0088_00_Grimer.png
146,146,0,,,1,1,/static/pokemon_forms/0088_01_Grimer.png
147,147,0,,,1,1,/static/pokemon_forms/0089_00_Muk.png
148,148,0,,,1,1,/static/pokemon_forms/0089_02_Muk.png
149,149,0,,,1,1,/static/pokemon_forms/0090_00_Shellder.png
150,150,0,,,1,1,/static/pokemon_forms/0091_00_Cloyster.png
151,151,0,,,1,1,/static/pokemon_forms/0092_00_Gastly.png
152,152,0,,,1,3,/static/pokemon_forms/0093_00_Haunter.png
153,153,0,,,1,3,/static/pokemon_forms/0094_00_Gengar.png
154,154,0,,,1,3,/static/pokemon_forms/0094_01_Gengar.png
155,155,0,,,1,3,/static/pokemon_forms/0094_02_Gengar.png
156,156,0,,,1,3,/static/pokemon_forms/0095_00_Onix.png
157,157,0,,,1,3,/static/pokemon_forms/0096_00_Drowzee.png
158,158,0,,,1,3,/static/pokemon_forms/0097_00_Hypno.png
159,159,0,,,1,3,/static/pokemon_forms/0098_00_Krabby.png
160,160,0,,,1,3,/static/pokemon_forms/0099_00_Kingler.png
161,161,0,,,1,3,/static/pokemon_forms/0099_01_Kingler.png
162,162,0,,,1,3,/static/pokemon_forms/0100_00_Voltorb.png
163,163,0,,,1,3,/static/pokemon_forms/0100_01_Voltorb.png
164,164,0,,,1,3,/static/pokemon_forms/0101_00_Electrode.png
165,165,0,,,1,3,/static/pokemon_forms/0101_01_Electrode.png
166,166,0,,,1,3,/static/pokemon_forms/0102_00_Exeggcute.png
167,167,0,,,1,3,/static/pokemon_forms/0103_00_Exeggutor.png
168,168,0,,,1,3,/static/pokemon_forms/0103_01_Exeggutor.png
169,169,0,,,1,3,/static/pokemon_forms/0104_00_Cubone.png
170,170,0,,,1,3,/static/pokemon_forms/0105_00_Marowak.png
171,171,0,,,1,3,/static/pokemon_forms/0105_01_Marowak.png
172,172,0,,,1,3,/static/pokemon_forms/0105_02_Marowak.png
173,173,0,,,1,3,/static/pokemon_forms/0106_00_Hitmonlee.png
174,174,0,,,1,3,/static/pokemon_forms/0107_00_Hitmonchan.png
175,175,0,,,1,3,/static/pokemon_forms/0108_00_Lickitung.png
176,176,0,,,1,3,/static/pokemon_forms/0109_00_Koffing.png
177,177,0,,,1,3,/static/pokemon_forms/0110_00_Weezing.png
178,178,0,,,1,3,/static/pokemon_forms/0110_01_Weezing.png
179,179,0,,,1,3,/static/pokemon_forms/0111_00_Rhyhorn.png
180,180,0,,,1,3,/static/pokemon_forms/0112_00_Rhydon.png
181,181,0,,,1,3,/static/pokemon_forms/0113_00_Chansey.png
182,182,0,,,1,3,/static/pokemon_forms/0114_00_Tangela.png
183,183,0,,,1,3,/static/pokemon_forms/0115_00_Kangaskhan.png
184,184,0,,,1,3,/static/pokemon_forms/0115_01_Kangaskhan.png
185,185,0,,,1,3,/static/pokemon_forms/0116_00_Horsea.png
186,186,0,,,1,3,/static/pokemon_forms/0117_00_Seadra.png
187,187,0,,,1,3,/static/pokemon_forms/0118_00_Goldeen.png
188,188,0,,,1,3,/static/pokemon_forms/0119_00_Seaking.png
189,189,0,,,1,3,/static/pokemon_forms/0120_00_Staryu.png
190,190,0,,,1,3,/static/pokemon_forms/0121_00_Starmie.png
191,191,0,,,1,3,/static/pokemon_forms/0121_01_Starmie.png
192,192,0,,,1,3,/static/pokemon_forms/0122_00_Mr._Mime.png
193,193,0,,,1,3,/static/pokemon_forms/0122_01_Mr._Mime.png
194,194,0,,,1,3,/static/pokemon_forms/0123_00_Scyther.png
195,195,0,,,1,3,/static/pokemon_forms/0124_00_Jynx.png
196,196,0,,,1,3,/static/pokemon_forms/0125_00_Electabuzz.png
197,197,0,,,1,3,/static/pokemon_forms/0126_00_Magmar.png
198,198,0,,,1,3,/static/pokemon_forms/0127_00_Pinsir.png
199,199,0,,,1,3,/static/pokemon_forms/0127_01_Pinsir.png
200,200,0,,,1,3,/static/pokemon_forms/0128_00_Tauros.png
201,201,0,A,A,0,3,/static/pokemon_forms/0128_01_Tauros.png
202,202,0,,,1,3,/static/pokemon_forms/0128_02_Tauros.png
203,203,0,,,1,3,/static/pokemon_forms/0128_03_Tauros.png
204,204,0,,,1,3,/static/pokemon_forms/0129_00_Magikarp.png
205,205,0,,,1,3,/static/pokemon_forms/0130_00_Gyarados.png
206,206,0,,,1,3,/static/pokemon_forms/0130_01_Gyarados.png
207,207,0,,,1,3,/static/pokemon_forms/0131_00_Lapras.png
208,208,0,,,1,3,/static/pokemon_forms/0131_01_Lapras.png
209,209,0,,,1,3,/static/pokemon_forms/0132_00_Ditto.png
210,210,0,,,1,3,/static/pokemon_forms/0133_00_Eevee.png
211,211,0,,,1,3,/static/pokemon_forms/0133_01_Eevee.png
212,212,0,,,1,3,/static/pokemon_forms/0133_02_Eevee.png
213,213,0,,,1,3,/static/pokemon_forms/0134_00_Vaporeon.png
214,214,0,,,1,3,/static/pokemon_forms/0135_00_Jolteon.png
215,215,0,,,1,3,/static/pokemon_forms/0136_00_Flareon.png
216,216,0,,,1,3,/static/pokemon_forms/0137_00_Porygon.png
217,217,0,,,1,3,/static/pokemon_forms/0138_00_Omanyte.png
218,218,0,,,1,3,/static/pokemon_forms/0139_00_Omastar.png
219,219,0,,,1,3,/static/pokemon_forms/0140_00_Kabuto.png
220,220,0,,,1,3,/static/pokemon_forms/0141_00_Kabutops.png
221,221,0,,,1,3,/static/pokemon_forms/0142_00_Aerodactyl.png
222,222,0,,,1,3,/static/pokemon_forms/0142_01_Aerodactyl.png
223,223,0,,,1,3,/static/pokemon_forms/0143_00_Snorlax.png
224,224,0,,,1,3,/static/pokemon_forms/0143_01_Snorlax.png
225,225,0,,,1,3,/static/pokemon_forms/0144_00_Articuno.png
226,226,0,,,1,3,/static/pokemon_forms/0144_01_Articuno.png
227,227,0,,,1,3,/static/pokemon_forms/0145_00_Zapdos.png
228,228,0,,,1,3,/static/pokemon_forms/0145_01_Zapdos.png
229,229,0,,,1,3,/static/pokemon_forms/0146_00_Moltres.png
230,230,0,,,1,3,/static/pokemon_forms/0146_01_Moltres.png
231,231,0,,,1,3,/static/pokemon_forms/0147_00_Dratini.png
232,232,0,,,1,3,/static/pokemon_forms/0148_00_Dragonair.png
233,233,0,,,1,3,/static/pokemon_forms/0149_00_Dragonite.png
234,234,0,,,1,3,/static/pokemon_forms/0149_01_Dragonite.png
235,235,0,,,1,3,/static/pokemon_forms/0150_00_Mewtwo.png
236,236,0,,,1,3,/static/pokemon_forms/0150_01_Mewtwo.png
237,237,0,,,1,3,/static/pokemon_forms/0150_02_Mewtwo.png
238,238,0,,,1,3,/static/pokemon_forms/0151_00_Mew.png
239,239,0,,,1,3,/static/pokemon_forms/0152_00_Chikorita.png
240,240,0,,,1,3,/static/pokemon_forms/0153_00_Bayleef.png
241,241,0,,,1,3,/static/pokemon_forms/0154_00_Meganium.png
242,242,0,,,1,3,/static/pokemon_forms/0154_01_Meganium.png
243,243,0,,,1,3,/static/pokemon_forms/0155_00_Cyndaquil.png
244,244,0,,,1,3,/static/pokemon_forms/0156_00_Quilava.png
245,245,0,,,1,3,/static/pokemon_forms/0157_00_Typhlosion.png
246,246,0,,,1,3,/static/pokemon_forms/0157_01_Typhlosion.png
247,247,0,,,1,3,/static/pokemon_forms/0158_00_Totodile.png
248,248,0,,,1,3,/static/pokemon_forms/0159_00_Croconaw.png
249,249,0,,,1,3,/static/pokemon_forms/0160_00_Feraligatr.png
250,250,0,,,1,3,/static/pokemon_forms/0160_01_Feraligatr.png
251,251,0,,,1,3,/static/pokemon_forms/0161_00_Sentret.png
252,252,0,,,1,5,/static/pokemon_forms/0162_00_Furret.png
253,253,0,,,1,5,/static/pokemon_forms/0163_00_Hoothoot.png
254,254,0,,,1,5,/static/pokemon_forms/0164_00_Noctowl.png
255,255,0,,,1,5,/static/pokemon_forms/0165_00_Ledyba.png
256,256,0,,,1,5,/static/pokemon_forms/0166_00_Ledian.png
257,257,0,,,1,5,/static/pokemon_forms/0167_00_Spinarak.png
258,258,0,,,1,5,/static/pokemon_forms/0168_00_Ariados.png
259,259,0,,,1,5,/static/pokemon_forms/0169_00_Crobat.png
260,260,0,,,1,5,/static/pokemon_forms/0170_00_Chinchou.png
261,261,0,,,1,5,/static/pokemon_forms/0171_00_Lanturn.png
262,262,0,,,1,5,/static/pokemon_forms/0172_00_Pichu.png
263,263,0,,,1,5,/static/pokemon_forms/0172_01_Pichu.png
264,264,0,,,1,5,/static/pokemon_forms/0173_00_Cleffa.png
265,265,0,,,1,5,/static/pokemon_forms/0174_00_Igglybuff.png
266,266,0,,,1,5,/static/pokemon_forms/0175_00_Togepi.png
267,267,0,,,1,5,/static/pokemon_forms/0176_00_Togetic.png
268,268,0,,,1,5,/static/pokemon_forms/0177_00_Natu.png
269,269,0,,,1,5,/static/pokemon_forms/0178_00_Xatu.png
270,270,0,,,1,5,/static/pokemon_forms/0179_00_Mareep.png
271,271,0,,,1,5,/static/pokemon_forms/0180_00_Flaaffy.png
272,272,0,,,1,5,/static/pokemon_forms/0181_00_Ampharos.png
273,273,0,,,1,5,/static/pokemon_forms/0181_01_Ampharos.png
274,274,0,,,1,5,/static/pokemon_forms/0182_00_Bellossom.png
275,275,0,,,1,5,/static/pokemon_forms/0183_00_Marill.png
276,276,0,,,1,5,/static/pokemon_forms/0184_00_Azumarill.png
277,277,0,,,1,5,/static/pokemon_forms/0185_00_Sudowoodo.png
278,278,0,,,1,5,/static/pokemon_forms/0186_00_Politoed.png
279,279,0,,,1,5,/static/pokemon_forms/0187_00_Hoppip.png
280,280,0,,,1,5,/static/pokemon_forms/0188_00_Skiploom.png
281,281,0,,,1,5,/static/pokemon_forms/0189_00_Jumpluff.png
282,282,0,,,1,5,/static/pokemon_forms/0190_00_Aipom.png
283,283,0,,,1,5,/static/pokemon_forms/0191_00_Sunkern.png
284,284,0,,,1,5,/static/pokemon_forms/0192_00_Sunflora.png
285,285,0,,,1,5,/static/pokemon_forms/0193_00_Yanma.png
286,286,0,,,1,5,/static/pokemon_forms/0194_00_Wooper.png
287,287,0,,,1,5,/static/pokemon_forms/0194_01_Wooper.png
288,288,0,,,1,5,/static/pokemon_forms/0195_00_Quagsire.png
289,289,0,,,1,5,/static/pokemon_forms/0196_00_Espeon.png
290,290,0,,,1,5,/static/pokemon_forms/0197_00_Umbreon.png
291,291,0,,,1,5,/static/pokemon_forms/0198_00_Murkrow.png
292,292,0,,,1,5,/static/pokemon_forms/0199_00_Slowking.png
293,293,0,,,1,5,/static/pokemon_forms/0199_01_Slowking.png
294,294,0,,,1,5,/static/pokemon_forms/0200_00_Misdreavus.png
295,295,0,,,1,5,/static/pokemon_forms/0201_00_Unown.png
296,296,0,,,1,5,/static/pokemon_forms/0201_01_Unown.png
297,297,0,,,1,5,/static/pokemon_forms/0201_02_Unown.png
298,298,0,,,1,5,/static/pokemon_forms/0201_03_Unown.png
299,299,0,,,1,5,/static/pokemon_forms/0201_04_Unown.png
300,300,0,,,1,5,/static/pokemon_forms/0201_05_Unown.png
301,301,0,,,1,5,/static/pokemon_forms/0201_06_Unown.png
302,302,0,,,1,5,/static/pokemon_forms/0201_07_Unown.png
303,303,0,,,1,5,/static/pokemon_forms/0201_08_Unown.png
304,304,0,,,1,5,/static/pokemon_forms/0201_09_Unown.png
305,305,0,,,1,5,/static/pokemon_forms/0201_10_Unown.png
306,306,0,,,1,5,/static/pokemon_forms/0201_11_Unown.png
307,307,0,,,1,5,/static/pokemon_forms/0201_12_Unown.png
308,308,0,,,1,5,/static/pokemon_forms/0201_13_Unown.png
309,309,0,,,1,5,/static/pokemon_forms/0201_14_Unown.png
310,310,0,,,1,5,/static/pokemon_forms/0201_15_Unown.png
311,311,0,,,1,5,/static/pokemon_forms/0201_16_Unown.png
312,312,0,,,1,5,/static/pokemon_forms/0201_17_Unown.png
313,313,0,,,1,5,/static/pokemon_forms/0201_18_Unown.png
314,314,0,,,1,5,/static/pokemon_forms/0201_19_Unown.png
315,315,0,,,1,5,/static/pokemon_forms/0201_20_Unown.png
316,316,0,,,1,5,/static/pokemon_forms/0201_21_Unown.png
317,317,0,,,1,5,/static/pokemon_forms/0201_22_Unown.png
318,318,0,,,1,5,/static/pokemon_forms/0201_23_Unown.png
319,319,0,,,1,5,/static/pokemon_forms/0201_24_Unown.png
320,320,0,,,1,5,/static/pokemon_forms/0201_25_Unown.png
321,321,0,,,1,5,/static/pokemon_forms/0201_26_Unown.png
322,322,0,,,1,5,/static/pokemon_forms/0201_27_Unown.png
323,323,0,,,1,5,/static/pokemon_forms/0202_00_Wobbuffet.png
324,324,0,,,1,5,/static/pokemon_forms/0203_00_Girafarig.png
325,325,0,,,1,5,/static/pokemon_forms/0204_00_Pineco.png
326,326,0,,,1,5,/static/pokemon_forms/0205_00_Forretress.png
327,327,0,,,1,5,/static/pokemon_forms/0206_00_Dunsparce.png
328,328,0,,,1,5,/static/pokemon_forms/0207_00_Gligar.png
329,329,0,,,1,5,/static/pokemon_forms/0208_00_Steelix.png
330,330,0,,,1,5,/static/pokemon_forms/0208_01_Steelix.png
331,331,0,,,1,5,/static/pokemon_forms/0209_00_Snubbull.png
332,332,0,,,1,5,/static/pokemon_forms/0210_00_Granbull.png
333,333,0,,,1,5,/static/pokemon_forms/0211_00_Qwilfish.png
334,334,0,,,1,5,/static/pokemon_forms/0211_01_Qwilfish.png
335,335,0,,,1,5,/static/pokemon_forms/0212_00_Scizor.png
336,336,0,,,1,5,/static/pokemon_forms/0212_01_Scizor.png
337,337,0,,,1,5,/static/pokemon_forms/0213_00_Shuckle.png
338,338,0,,,1,5,/static/pokemon_forms/0214_00_Heracross.png
339,339,0,,,1,5,/static/pokemon_forms/0214_01_Heracross.png
340,340,0,,,1,5,/static/pokemon_forms/0215_00_Sneasel.png
341,341,0,,,1,5,/static/pokemon_forms/0215_01_Sneasel.png
342,342,0,,,1,5,/static/pokemon_forms/0216_00_Teddiursa.png
343,343,0,,,1,5,/static/pokemon_forms/0217_00_Ursaring.png
344,344,0,,,1,5,/static/pokemon_forms/0218_00_Slugma.png
345,345,0,,,1,5,/static/pokemon_forms/0219_00_Magcargo.png
346,346,0,,,1,5,/static/pokemon_forms/0220_00_Swinub.png
347,347,0,,,1,5,/static/pokemon_forms/0221_00_Piloswine.png
348,348,0,,,1,5,/static/pokemon_forms/0222_00_Corsola.png
349,349,0,,,1,5,/static/pokemon_forms/0222_01_Corsola.png
350,350,0,,,1,5,/static/pokemon_forms/0223_00_Remoraid.png
351,351,0,,,1,5,/static/pokemon_forms/0224_00_Octillery.png
352,352,0,,,1,5,/static/pokemon_forms/0225_00_Delibird.png
353,353,0,,,1,5,/static/pokemon_forms/0226_00_Mantine.png
354,354,0,,,1,5,/static/pokemon_forms/0227_00_Skarmory.png
355,355,0,,,1,5,/static/pokemon_forms/0227_01_Skarmory.png
356,356,0,,,1,5,/static/pokemon_forms/0228_00_Houndour.png
357,357,0,,,1,5,/static/pokemon_forms/0229_00_Houndoom.png
358,358,0,,,1,5,/static/pokemon_forms/0229_01_Houndoom.png
359,359,0,,,1,5,/static/pokemon_forms/0230_00_Kingdra.png
360,360,0,,,1,5,/static/pokemon_forms/0231_00_Phanpy.png
361,361,0,,,1,5,/static/pokemon_forms/0232_00_Donphan.png
362,362,0,,,1,5,/static/pokemon_forms/0233_00_Porygon2.png
363,363,0,,,1,5,/static/pokemon_forms/0234_00_Stantler.png
364,364,0,,,1,5,/static/pokemon_forms/0235_00_Smeargle.png
365,365,0,,,1,5,/static/pokemon_forms/0236_00_Tyrogue.png
366,366,0,,,1,5,/static/pokemon_forms/0237_00_Hitmontop.png
367,367,0,,,1,5,/static/pokemon_forms/0238_00_Smoochum.png
368,368,0,,,1,5,/static/pokemon_forms/0239_00_Elekid.png
369,369,0,,,1,5,/static/pokemon_forms/0240_00_Magby.png
370,370,0,,,1,5,/static/pokemon_forms/0241_00_Miltank.png
371,371,0,,,1,5,/static/pokemon_forms/0242_00_Blissey.png
372,372,0,,,1,5,/static/pokemon_forms/0243_00_Raikou.png
373,373,0,,,1,5,/static/pokemon_forms/0244_00_Entei.png
374,374,0,,,1,5,/static/pokemon_forms/0245_00_Suicune.png
375,375,0,,,1,5,/static/pokemon_forms/0246_00_Larvitar.png
376,376,0,,,1,5,/static/pokemon_forms/0247_00_Pupitar.png
377,377,0,,,1,5,/static/pokemon_forms/0248_00_Tyranitar.png
378,378,0,,,1,5,/static/pokemon_forms/0248_01_Tyranitar.png
379,379,0,,,1,5,/static/pokemon_forms/0249_00_Lugia.png
380,380,0,,,1,5,/static/pokemon_forms/0250_00_Ho-oh.png
381,381,0,,,1,5,/static/pokemon_forms/0251_00_Celebi.png
382,382,0,,,1,5,/static/pokemon_forms/0252_00_Treecko.png
383,383,0,,,1,5,/static/pokemon_forms/0253_00_Grovyle.png
384,384,0,,,1,5,/static/pokemon_forms/0254_00_Sceptile.png
385,385,0,,,1,5,/static/pokemon_forms/0254_01_Sceptile.png
386,386,0,,,1,5,/static/pokemon_forms/0255_00_Torchic.png
387,387,0,,,1,8,/static/pokemon_forms/0256_00_Combusken.png
388,388,0,,,1,8,/static/pokemon_forms/0257_00_Blaziken.png
389,389,0,,,1,8,/static/pokemon_forms/0257_01_Blaziken.png
390,390,0,,,1,8,/static/pokemon_forms/0258_00_Mudkip.png
391,391,0,,,1,8,/static/pokemon_forms/0259_00_Marshtomp.png
392,392,0,,,1,8,/static/pokemon_forms/0260_00_Swampert.png
393,393,0,,,1,8,/static/pokemon_forms/0260_01_Swampert.png
394,394,0,,,1,8,/static/pokemon_forms/0261_00_Poochyena.png
395,395,0,,,1,8,/static/pokemon_forms/0262_00_Mightyena.png
396,396,0,,,1,8,/static/pokemon_forms/0263_00_Zigzagoon.png
397,397,0,,,1,8,/static/pokemon_forms/0263_01_Zigzagoon.png
398,398,0,,,1,8,/static/pokemon_forms/0264_00_Linoone.png
399,399,0,,,1,8,/static/pokemon_forms/0264_01_Linoone.png
400,400,0,,,1,8,/static/pokemon_forms/0265_00_Wurmple.png
401,401,0,,,1,8,/static/pokemon_forms/0266_00_Silcoon.png
402,402,0,,,1,8,/static/pokemon_forms/0267_00_Beautifly.png
403,403,0,,,1,8,/static/pokemon_forms/0268_00_Cascoon.png
404,404,0,,,1,8,/static/pokemon_forms/0269_00_Dustox.png
405,405,0,,,1,8,/static/pokemon_forms/0270_00_Lotad.png
406,406,0,,,1,8,/static/pokemon_forms/0271_00_Lombre.png
407,407,0,,,1,8,/static/pokemon_forms/0272_00_Ludicolo.png
408,408,0,,,1,8,/static/pokemon_forms/0273_00_Seedot.png
409,409,0,,,1,8,/static/pokemon_forms/0274_00_Nuzleaf.png
410,410,0,,,1,8,/static/pokemon_forms/0275_00_Shiftry.png
411,411,0,,,1,8,/static/pokemon_forms/0276_00_Taillow.png
412,412,0,Plant Cloak,초목도롱,1,8,/static/pokemon_forms/0277_00_Swellow.png
413,413,0,,,1,8,/static/pokemon_forms/0278_00_Wingull.png
414,414,0,,,1,8,/static/pokemon_forms/0279_00_Pelipper.png
415,415,0,,,1,8,/static/pokemon_forms/0280_00_Ralts.png
416,416,0,,,1,8,/static/pokemon_forms/0281_00_Kirlia.png
417,417,0,,,1,8,/static/pokemon_forms/0282_00_Gardevoir.png
418,418,0,,,1,8,/static/pokemon_forms/0282_01_Gardevoir.png
419,419,0,,,1,8,/static/pokemon_forms/0283_00_Surskit.png
420,420,0,,,1,8,/static/pokemon_forms/0284_00_Masquerain.png
421,421,0,Overcast Form,네거폼,1,8,/static/pokemon_forms/0285_00_Shroomish.png
422,422,0,West Sea,서쪽바다,1,8,/static/pokemon_forms/0286_00_Breloom.png
423,423,0,West Sea,서쪽바다,1,8,/static/pokemon_forms/0287_00_Slakoth.png
424,424,0,,,1,8,/static/pokemon_forms/0288_00_Vigoroth.png
425,425,0,,,1,8,/static/pokemon_forms/0289_00_Slaking.png
426,426,0,,,1,8,/static/pokemon_forms/0290_00_Nincada.png
427,427,0,,,1,8,/static/pokemon_forms/0291_00_Ninjask.png
428,428,0,,,1,8,/static/pokemon_forms/0292_00_Shedinja.png
429,429,0,,,1,8,/static/pokemon_forms/0293_00_Whismur.png
430,430,0,,,1,8,/static/pokemon_forms/0294_00_Loudred.png
431,431,0,,,1,8,/static/pokemon_forms/0295_00_Exploud.png
432,432,0,,,1,8,/static/pokemon_forms/0296_00_Makuhita.png
433,433,0,,,1,8,/static/pokemon_forms/0297_00_Hariyama.png
434,434,0,,,1,8,/static/pokemon_forms/0298_00_Azurill.png
435,435,0,,,1,8,/static/pokemon_forms/0299_00_Nosepass.png
436,436,0,,,1,8,/static/pokemon_forms/0300_00_Skitty.png
437,437,0,,,1,8,/static/pokemon_forms/0301_00_Delcatty.png
438,438,0,,,1,8,/static/pokemon_forms/0302_00_Sableye.png
439,439,0,,,1,8,/static/pokemon_forms/0302_01_Sableye.png
440,440,0,,,1,8,/static/pokemon_forms/0303_00_Mawile.png
441,441,0,,,1,8,/static/pokemon_forms/0303_01_Mawile.png
442,442,0,,,1,8,/static/pokemon_forms/0304_00_Aron.png
443,443,0,,,1,8,/static/pokemon_forms/0305_00_Lairon.png
444,444,0,,,1,8,/static/pokemon_forms/0306_00_Aggron.png
445,445,0,,,1,8,/static/pokemon_forms/0306_01_Aggron.png
446,446,0,,,1,8,/static/pokemon_forms/0307_00_Meditite.png
447,447,0,,,1,8,/static/pokemon_forms/0308_00_Medicham.png
448,448,0,,,1,8,/static/pokemon_forms/0308_01_Medicham.png
449,449,0,,,1,8,/static/pokemon_forms/0309_00_Electrike.png
450,450,0,,,1,8,/static/pokemon_forms/0310_00_Manectric.png
451,451,0,,,1,8,/static/pokemon_forms/0310_01_Manectric.png
452,452,0,,,1,8,/static/pokemon_forms/0311_00_Plusle.png
453,453,0,,,1,8,/static/pokemon_forms/0312_00_Minun.png
454,454,0,,,1,8,/static/pokemon_forms/0313_00_Volbeat.png
455,455,0,,,1,8,/static/pokemon_forms/0314_00_Illumise.png
456,456,0,,,1,8,/static/pokemon_forms/0315_00_Roselia.png
457,457,0,,,1,8,/static/pokemon_forms/0316_00_Gulpin.png
458,458,0,,,1,8,/static/pokemon_forms/0317_00_Swalot.png
459,459,0,,,1,8,/static/pokemon_forms/0318_00_Carvanha.png
460,460,0,,,1,8,/static/pokemon_forms/0319_00_Sharpedo.png
461,461,0,,,1,8,/static/pokemon_forms/0319_01_Sharpedo.png
462,462,0,,,1,8,/static/pokemon_forms/0320_00_Wailmer.png
463,463,0,,,1,8,/static/pokemon_forms/0321_00_Wailord.png
464,464,0,,,1,8,/static/pokemon_forms/0322_00_Numel.png
465,465,0,,,1,8,/static/pokemon_forms/0323_00_Camerupt.png
466,466,0,,,1,8,/static/pokemon_forms/0323_01_Camerupt.png
467,467,0,,,1,8,/static/pokemon_forms/0324_00_Torkoal.png
468,468,0,,,1,8,/static/pokemon_forms/0325_00_Spoink.png
469,469,0,,,1,8,/static/pokemon_forms/0326_00_Grumpig.png
470,470,0,,,1,8,/static/pokemon_forms/0327_00_Spinda.png
471,471,0,,,1,8,/static/pokemon_forms/0328_00_Trapinch.png
472,472,0,,,1,8,/static/pokemon_forms/0329_00_Vibrava.png
473,473,0,,,1,8,/static/pokemon_forms/0330_00_Flygon.png
474,474,0,,,1,8,/static/pokemon_forms/0331_00_Cacnea.png
475,475,0,,,1,8,/static/pokemon_forms/0332_00_Cacturne.png
476,476,0,,,1,8,/static/pokemon_forms/0333_00_Swablu.png
477,477,0,,,1,8,/static/pokemon_forms/0334_00_Altaria.png
478,478,0,,,1,8,/static/pokemon_forms/0334_01_Altaria.png
479,479,0,,,1,8,/static/pokemon_forms/0335_00_Zangoose.png
480,480,0,,,1,8,/static/pokemon_forms/0336_00_Seviper.png
481,481,0,,,1,8,/static/pokemon_forms/0337_00_Lunatone.png
482,482,0,,,1,8,/static/pokemon_forms/0338_00_Solrock.png
483,483,0,,,1,8,/static/pokemon_forms/0339_00_Barboach.png
484,484,0,,,1,8,/static/pokemon_forms/0340_00_Whiscash.png
485,485,0,,,1,8,/static/pokemon_forms/0341_00_Corphish.png
486,486,0,,,1,8,/static/pokemon_forms/0342_00_Crawdaunt.png
487,487,0,,,1,8,/static/pokemon_forms/0343_00_Baltoy.png
488,488,0,,,1,8,/static/pokemon_forms/0344_00_Claydol.png
489,489,0,,,1,8,/static/pokemon_forms/0345_00_Lileep.png
490,490,0,,,1,8,/static/pokemon_forms/0346_00_Cradily.png
491,491,0,,,1,8,/static/pokemon_forms/0347_00_Anorith.png
492,492,0,,,1,8,/static/pokemon_forms/0348_00_Armaldo.png
493,493,0,,,1,8,/static/pokemon_forms/0349_00_Feebas.png
494,494,0,,,1,11,/static/pokemon_forms/0350_00_Milotic.png
495,495,0,,,1,11,/static/pokemon_forms/0351_00_Castform.png
496,496,0,,,1,11,/static/pokemon_forms/0351_01_Castform.png
497,497,0,,,1,11,/static/pokemon_forms/0351_02_Castform.png
498,498,0,,,1,11,/static/pokemon_forms/0351_03_Castform.png
499,499,0,,,1,11,/static/pokemon_forms/0352_00_Kecleon.png
500,500,0,,,1,11,/static/pokemon_forms/0353_00_Shuppet.png
501,501,0,,,1,11,/static/pokemon_forms/0354_00_Banette.png
502,502,0,,,1,11,/static/pokemon_forms/0354_01_Banette.png
503,503,0,,,1,11,/static/pokemon_forms/0355_00_Duskull.png
504,504,0,,,1,11,/static/pokemon_forms/0356_00_Dusclops.png
505,505,0,,,1,11,/static/pokemon_forms/0357_00_Tropius.png
506,506,0,,,1,11,/static/pokemon_forms/0358_00_Chimecho.png
507,507,0,,,1,11,/static/pokemon_forms/0359_00_Absol.png
508,508,0,,,1,11,/static/pokemon_forms/0359_01_Absol.png
509,509,0,,,1,11,/static/pokemon_forms/0360_00_Wynaut.png
510,510,0,,,1,11,/static/pokemon_forms/0361_00_Snorunt.png
511,511,0,,,1,11,/static/pokemon_forms/0362_00_Glalie.png
512,512,0,,,1,11,/static/pokemon_forms/0362_01_Glalie.png
513,513,0,,,1,11,/static/pokemon_forms/0363_00_Spheal.png
514,514,0,,,1,11,/static/pokemon_forms/0364_00_Sealeo.png
515,515,0,,,1,11,/static/pokemon_forms/0365_00_Walrein.png
516,516,0,,,1,11,/static/pokemon_forms/0366_00_Clamperl.png
517,517,0,,,1,11,/static/pokemon_forms/0367_00_Huntail.png
518,518,0,,,1,11,/static/pokemon_forms/0368_00_Gorebyss.png
519,519,0,,,1,11,/static/pokemon_forms/0369_00_Relicanth.png
520,520,0,,,1,11,/static/pokemon_forms/0370_00_Luvdisc.png
521,521,0,,,1,11,/static/pokemon_forms/0371_00_Bagon.png
522,522,0,,,1,11,/static/pokemon_forms/0372_00_Shelgon.png
523,523,0,,,1,11,/static/pokemon_forms/0373_00_Salamence.png
524,524,0,,,1,11,/static/pokemon_forms/0373_01_Salamence.png
525,525,0,,,1,11,/static/pokemon_forms/0374_00_Beldum.png
526,526,0,,,1,11,/static/pokemon_forms/0375_00_Metang.png
527,527,0,,,1,11,/static/pokemon_forms/0376_00_Metagross.png
528,528,0,,,1,11,/static/pokemon_forms/0376_01_Metagross.png
529,529,0,,,1,11,/static/pokemon_forms/0377_00_Regirock.png
530,530,0,,,1,11,/static/pokemon_forms/0378_00_Regice.png
531,531,0,,,1,11,/static/pokemon_forms/0379_00_Registeel.png
532,532,0,,,1,11,/static/pokemon_forms/0380_00_Latias.png
533,533,0,,,1,11,/static/pokemon_forms/0380_01_Latias.png
534,534,0,,,1,11,/static/pokemon_forms/0381_00_Latios.png
535,535,0,,,1,11,/static/pokemon_forms/0381_01_Latios.png
536,536,0,,,1,11,/static/pokemon_forms/0382_00_Kyogre.png
537,537,0,,,1,11,/static/pokemon_forms/0382_01_Kyogre.png
538,538,0,,,1,11,/static/pokemon_forms/0383_00_Groudon.png
539,539,0,,,1,11,/static/pokemon_forms/0383_01_Groudon.png
540,540,0,,,1,11,/static/pokemon_forms/0384_00_Rayquaza.png
541,541,0,,,1,11,/static/pokemon_forms/0384_01_Rayquaza.png
542,542,0,,,1,11,/static/pokemon_forms/0385_00_Jirachi.png
543,543,0,,,1,11,/static/pokemon_forms/0386_00_Deoxys.png
544,544,0,,,1,11,/static/pokemon_forms/0386_01_Deoxys.png
545,545,0,,,1,11,/static/pokemon_forms/0386_02_Deoxys.png
546,546,0,,,1,11,/static/pokemon_forms/0386_03_Deoxys.png
547,547,0,,,1,11,/static/pokemon_forms/0387_00_Turtwig.png
548,548,0,,,1,11,/static/pokemon_forms/0388_00_Grotle.png
549,549,0,,,1,11,/static/pokemon_forms/0389_00_Torterra.png
550,550,0,,,1,11,/static/pokemon_forms/0390_00_Chimchar.png
551,551,0,,,1,11,/static/pokemon_forms/0391_00_Monferno.png
552,552,0,,,1,11,/static/pokemon_forms/0392_00_Infernape.png
553,553,0,,,1,11,/static/pokemon_forms/0393_00_Piplup.png
554,554,0,,,1,11,/static/pokemon_forms/0394_00_Prinplup.png
555,555,0,,,1,11,/static/pokemon_forms/0395_00_Empoleon.png
556,556,0,,,1,11,/static/pokemon_forms/0396_00_Starly.png
557,557,0,,,1,11,/static/pokemon_forms/0397_00_Staravia.png
558,558,0,,,1,11,/static/pokemon_forms/0398_00_Staraptor.png
559,559,0,,,1,11,/static/pokemon_forms/0399_00_Bidoof.png
560,560,0,,,1,11,/static/pokemon_forms/0400_00_Bibarel.png
561,561,0,,,1,11,/static/pokemon_forms/0401_00_Kricketot.png
562,562,0,,,1,11,/static/pokemon_forms/0402_00_Kricketune.png
563,563,0,,,1,11,/static/pokemon_forms/0403_00_Shinx.png
564,564,0,,,1,11,/static/pokemon_forms/0404_00_Luxio.png
565,565,0,,,1,11,/static/pokemon_forms/0405_00_Luxray.png
566,566,0,,,1,11,/static/pokemon_forms/0406_00_Budew.png
567,567,0,,,1,11,/static/pokemon_forms/0407_00_Roserade.png
568,568,0,,,1,11,/static/pokemon_forms/0408_00_Cranidos.png
569,569,0,,,1,11,/static/pokemon_forms/0409_00_Rampardos.png
570,570,0,,,1,11,/static/pokemon_forms/0410_00_Shieldon.png
571,571,0,,,1,11,/static/pokemon_forms/0411_00_Bastiodon.png
572,572,0,,,1,11,/static/pokemon_forms/0412_00_Burmy.png
573,573,0,,,1,11,/static/pokemon_forms/0412_01_Burmy.png
574,574,0,,,1,11,/static/pokemon_forms/0412_02_Burmy.png
575,575,0,,,1,11,/static/pokemon_forms/0413_00_Wormadam.png
576,576,0,,,1,11,/static/pokemon_forms/0413_01_Wormadam.png
577,577,0,,,1,11,/static/pokemon_forms/0413_02_Wormadam.png
578,578,0,,,1,11,/static/pokemon_forms/0414_00_Mothim.png
579,579,0,,,1,11,/static/pokemon_forms/0414_01_Mothim.png
580,580,0,,,1,11,/static/pokemon_forms/0414_02_Mothim.png
581,581,0,,,1,11,/static/pokemon_forms/0415_00_Combee.png
582,582,0,,,1,11,/static/pokemon_forms/0416_00_Vespiquen.png
583,583,0,,,1,11,/static/pokemon_forms/0417_00_Pachirisu.png
584,584,0,,,1,11,/static/pokemon_forms/0418_00_Buizel.png
585,585,0,Spring Form,봄의 모습,1,11,/static/pokemon_forms/0419_00_Floatzel.png
586,586,0,Spring Form,봄의 모습,1,11,/static/pokemon_forms/0420_00_Cherubi.png
587,587,0,,,1,11,/static/pokemon_forms/0421_00_Cherrim.png
588,588,0,,,1,11,/static/pokemon_forms/0421_01_Cherrim.png
589,589,0,,,1,11,/static/pokemon_forms/0422_00_Shellos.png
590,590,0,,,1,11,/static/pokemon_forms/0422_01_Shellos.png
591,591,0,,,1,11,/static/pokemon_forms/0423_00_Gastrodon.png
592,592,0,,,1,11,/static/pokemon_forms/0423_01_Gastrodon.png
593,593,0,,,1,11,/static/pokemon_forms/0424_00_Ambipom.png
594,594,0,,,1,11,/static/pokemon_forms/0425_00_Drifloon.png
595,595,0,,,1,11,/static/pokemon_forms/0426_00_Drifblim.png
596,596,0,,,1,11,/static/pokemon_forms/0427_00_Buneary.png
597,597,0,,,1,11,/static/pokemon_forms/0428_00_Lopunny.png
598,598,0,,,1,11,/static/pokemon_forms/0428_01_Lopunny.png
599,599,0,,,1,11,/static/pokemon_forms/0429_00_Mismagius.png
600,600,0,,,1,11,/static/pokemon_forms/0430_00_Honchkrow.png
601,601,0,,,1,11,/static/pokemon_forms/0431_00_Glameow.png
602,602,0,,,1,11,/static/pokemon_forms/0432_00_Purugly.png
603,603,0,,,1,11,/static/pokemon_forms/0433_00_Chingling.png
604,604,0,,,1,11,/static/pokemon_forms/0434_00_Stunky.png
605,605,0,,,1,11,/static/pokemon_forms/0435_00_Skuntank.png
606,606,0,,,1,11,/static/pokemon_forms/0436_00_Bronzor.png
607,607,0,,,1,11,/static/pokemon_forms/0437_00_Bronzong.png
608,608,0,,,1,11,/static/pokemon_forms/0438_00_Bonsly.png
609,609,0,,,1,11,/static/pokemon_forms/0439_00_Mime_Jr..png
610,610,0,,,1,11,/static/pokemon_forms/0440_00_Happiny.png
611,611,0,,,1,11,/static/pokemon_forms/0441_00_Chatot.png
612,612,0,,,1,11,/static/pokemon_forms/0442_00_Spiritomb.png
613,613,0,,,1,11,/static/pokemon_forms/0443_00_Gible.png
614,614,0,,,1,11,/static/pokemon_forms/0444_00_Gabite.png
615,615,0,,,1,11,/static/pokemon_forms/0445_00_Garchomp.png
616,616,0,,,1,11,/static/pokemon_forms/0445_01_Garchomp.png
617,617,0,,,1,11,/static/pokemon_forms/0446_00_Munchlax.png
618,618,0,,,1,11,/static/pokemon_forms/0447_00_Riolu.png
619,619,0,,,1,11,/static/pokemon_forms/0448_00_Lucario.png
620,620,0,,,1,11,/static/pokemon_forms/0448_01_Lucario.png
621,621,0,,,1,11,/static/pokemon_forms/0449_00_Hippopotas.png
622,622,0,,,1,11,/static/pokemon_forms/0450_00_Hippowdon.png
623,623,0,,,1,11,/static/pokemon_forms/0451_00_Skorupi.png
624,624,0,,,1,11,/static/pokemon_forms/0452_00_Drapion.png
625,625,0,,,1,11,/static/pokemon_forms/0453_00_Croagunk.png
626,626,0,,,1,11,/static/pokemon_forms/0454_00_Toxicroak.png
627,627,0,,,1,11,/static/pokemon_forms/0455_00_Carnivine.png
628,628,0,,,1,11,/static/pokemon_forms/0456_00_Finneon.png
629,629,0,,,1,11,/static/pokemon_forms/0457_00_Lumineon.png
630,630,0,,,1,11,/static/pokemon_forms/0458_00_Mantyke.png
631,631,0,,,1,11,/static/pokemon_forms/0459_00_Snover.png
632,632,0,,,1,11,/static/pokemon_forms/0460_00_Abomasnow.png
633,633,0,,,1,11,/static/pokemon_forms/0460_01_Abomasnow.png
634,634,0,,,1,11,/static/pokemon_forms/0461_00_Weavile.png
635,635,0,,,1,11,/static/pokemon_forms/0462_00_Magnezone.png
636,636,0,,,1,11,/static/pokemon_forms/0463_00_Lickilicky.png
637,637,0,,,1,11,/static/pokemon_forms/0464_00_Rhyperior.png
638,638,0,,,1,11,/static/pokemon_forms/0465_00_Tangrowth.png
639,639,0,,,1,11,/static/pokemon_forms/0466_00_Electivire.png
640,640,0,,,1,11,/static/pokemon_forms/0467_00_Magmortar.png
641,641,0,,,1,11,/static/pokemon_forms/0468_00_Togekiss.png
642,642,0,,,1,11,/static/pokemon_forms/0469_00_Yanmega.png
643,643,0,,,1,11,/static/pokemon_forms/0470_00_Leafeon.png
644,644,0,,,1,11,/static/pokemon_forms/0471_00_Glaceon.png
645,645,0,,,1,11,/static/pokemon_forms/0472_00_Gliscor.png
646,646,0,,,1,11,/static/pokemon_forms/0473_00_Mamoswine.png
647,647,0,,,1,11,/static/pokemon_forms/0474_00_Porygon-Z.png
648,648,0,,,1,11,/static/pokemon_forms/0475_00_Gallade.png
649,649,0,,,1,11,/static/pokemon_forms/0475_01_Gallade.png
650,650,0,,,1,15,/static/pokemon_forms/0476_00_Probopass.png
651,651,0,,,1,15,/static/pokemon_forms/0477_00_Dusknoir.png
652,652,0,,,1,15,/static/pokemon_forms/0478_00_Froslass.png
653,653,0,,,1,15,/static/pokemon_forms/0478_01_Froslass.png
654,654,0,,,1,15,/static/pokemon_forms/0479_00_Rotom.png
655,655,0,,,1,15,/static/pokemon_forms/0479_01_Rotom.png
656,656,0,,,1,15,/static/pokemon_forms/0479_02_Rotom.png
657,657,0,,,1,15,/static/pokemon_forms/0479_03_Rotom.png
658,658,0,,,1,15,/static/pokemon_forms/0479_04_Rotom.png
659,659,0,,,1,15,/static/pokemon_forms/0479_05_Rotom.png
660,660,0,,,1,15,/static/pokemon_forms/0480_00_Uxie.png
661,661,0,,,1,15,/static/pokemon_forms/0481_00_Mesprit.png
662,662,0,,,1,15,/static/pokemon_forms/0482_00_Azelf.png
663,663,0,,,1,15,/static/pokemon_forms/0483_00_Dialga.png
664,664,0,Meadow,화원의 모양,1,15,/static/pokemon_forms/0483_01_Dialga.png
665,665,0,Meadow,화원의 모양,1,15,/static/pokemon_forms/0484_00_Palkia.png
666,666,0,Meadow,화원의 모양,1,15,/static/pokemon_forms/0484_01_Palkia.png
667,667,0,,,1,15,/static/pokemon_forms/0485_00_Heatran.png
668,668,0,,,1,15,/static/pokemon_forms/0486_00_Regigigas.png
669,669,0,Red,빨간 꽃,1,15,/static/pokemon_forms/0487_00_Giratina.png
670,670,0,Red,빨간 꽃,1,15,/static/pokemon_forms/0487_01_Giratina.png
671,671,0,Red,빨간 꽃,1,15,/static/pokemon_forms/0488_00_Cresselia.png
672,672,0,,,1,15,/static/pokemon_forms/0489_00_Phione.png
673,673,0,,,1,15,/static/pokemon_forms/0490_00_Manaphy.png
674,674,0,,,1,15,/static/pokemon_forms/0491_00_Darkrai.png
675,675,0,,,1,15,/static/pokemon_forms/0492_00_Shaymin.png
676,676,0,Natural,야생의 모습,1,15,/static/pokemon_forms/0492_01_Shaymin.png
677,677,0,,,1,15,/static/pokemon_forms/0493_00_Arceus.png
678,678,0,,,1,15,/static/pokemon_forms/0493_01_Arceus.png
679,679,0,,,1,15,/static/pokemon_forms/0493_02_Arceus.png
680,680,0,,,1,15,/static/pokemon_forms/0493_03_Arceus.png
681,681,0,,,1,15,/static/pokemon_forms/0493_04_Arceus.png
682,682,0,,,1,15,/static/pokemon_forms/0493_05_Arceus.png
683,683,0,,,1,15,/static/pokemon_forms/0493_06_Arceus.png
684,684,0,,,1,15,/static/pokemon_forms/0493_07_Arceus.png
685,685,0,,,1,15,/static/pokemon_forms/0493_08_Arceus.png
686,686,0,,,1,15,/static/pokemon_forms/0493_09_Arceus.png
687,687,0,,,1,15,/static/pokemon_forms/0493_10_Arceus.png
688,688,0,,,1,15,/static/pokemon_forms/0493_11_Arceus.png
689,689,0,,,1,15,/static/pokemon_forms/0493_12_Arceus.png
690,690,0,,,1,15,/static/pokemon_forms/0493_13_Arceus.png
691,691,0,,,1,15,/static/pokemon_forms/0493_14_Arceus.png
692,692,0,,,1,15,/static/pokemon_forms/0493_15_Arceus.png
693,693,0,,,1,15,/static/pokemon_forms/0493_16_Arceus.png
694,694,0,,,1,15,/static/pokemon_forms/0493_17_Arceus.png
695,695,0,,,1,15,/static/pokemon_forms/0494_00_Victini.png
696,696,0,,,1,15,/static/pokemon_forms/0495_00_Snivy.png
697,697,0,,,1,15,/static/pokemon_forms/0496_00_Servine.png
698,698,0,,,1,15,/static/pokemon_forms/0497_00_Serperior.png
699,699,0,,,1,15,/static/pokemon_forms/0498_00_Tepig.png
700,700,0,,,1,15,/static/pokemon_forms/0499_00_Pignite.png
701,701,0,,,1,15,/static/pokemon_forms/0500_00_Emboar.png
702,702,0,,,1,15,/static/pokemon_forms/0500_01_Emboar.png
703,703,0,,,1,15,/static/pokemon_forms/0501_00_Oshawott.png
704,704,0,,,1,15,/static/pokemon_forms/0502_00_Dewott.png
705,705,0,,,1,15,/static/pokemon_forms/0503_00_Samurott.png
706,706,0,,,1,15,/static/pokemon_forms/0503_01_Samurott.png
707,707,0,,,1,15,/static/pokemon_forms/0504_00_Patrat.png
708,708,0,,,1,15,/static/pokemon_forms/0505_00_Watchog.png
709,709,0,,,1,15,/static/pokemon_forms/0506_00_Lillipup.png
710,710,0,,,1,15,/static/pokemon_forms/0507_00_Herdier.png
711,711,0,,,1,15,/static/pokemon_forms/0508_00_Stoutland.png
712,712,0,,,1,15,/static/pokemon_forms/0509_00_Purrloin.png
713,713,0,,,1,15,/static/pokemon_forms/0510_00_Liepard.png
714,714,0,,,1,15,/static/pokemon_forms/0511_00_Pansage.png
715,715,0,,,1,15,/static/pokemon_forms/0512_00_Simisage.png
716,716,0,Active,액티브모드,1,15,/static/pokemon_forms/0513_00_Pansear.png
717,717,0,,,1,15,/static/pokemon_forms/0514_00_Simisear.png
718,718,0,,,1,15,/static/pokemon_forms/0515_00_Panpour.png
719,719,0,,,1,15,/static/pokemon_forms/0516_00_Simipour.png
720,720,0,,,1,15,/static/pokemon_forms/0517_00_Munna.png
721,721,0,,,1,15,/static/pokemon_forms/0518_00_Musharna.png
722,722,0,,,1,17,/static/pokemon_forms/0519_00_Pidove.png
723,723,0,,,1,17,/static/pokemon_forms/0520_00_Tranquill.png
724,724,0,,,1,17,/static/pokemon_forms/0521_00_Unfezant.png
725,725,0,,,1,17,/static/pokemon_forms/0522_00_Blitzle.png
726,726,0,,,1,17,/static/pokemon_forms/0523_00_Zebstrika.png
727,727,0,,,1,17,/static/pokemon_forms/0524_00_Roggenrola.png
728,728,0,,,1,17,/static/pokemon_forms/0525_00_Boldore.png
729,729,0,,,1,17,/static/pokemon_forms/0526_00_Gigalith.png
730,730,0,,,1,17,/static/pokemon_forms/0527_00_Swoobat.png
731,731,0,,,1,17,/static/pokemon_forms/0528_00_Woobat.png
732,732,0,,,1,17,/static/pokemon_forms/0529_00_Drilbur.png
733,733,0,,,1,17,/static/pokemon_forms/0530_00_Excadrill.png
734,734,0,,,1,17,/static/pokemon_forms/0530_01_Excadrill.png
735,735,0,,,1,17,/static/pokemon_forms/0531_00_Audino.png
736,736,0,,,1,17,/static/pokemon_forms/0531_01_Audino.png
737,737,0,,,1,17,/static/pokemon_forms/0532_00_Timburr.png
738,738,0,,,1,17,/static/pokemon_forms/0533_00_Gurdurr.png
739,739,0,,,1,17,/static/pokemon_forms/0534_00_Conkeldurr.png
740,740,0,,,1,17,/static/pokemon_forms/0535_00_Tympole.png
741,741,0,,,1,17,/static/pokemon_forms/0536_00_Palpitoad.png
742,742,0,,,1,17,/static/pokemon_forms/0537_00_Seismitoad.png
743,743,0,,,1,17,/static/pokemon_forms/0538_00_Throh.png
744,744,0,,,1,17,/static/pokemon_forms/0539_00_Sawk.png
745,745,0,,,1,17,/static/pokemon_forms/0540_00_Sewaddle.png
746,746,0,,,1,17,/static/pokemon_forms/0541_00_Swadloon.png
747,747,0,,,1,17,/static/pokemon_forms/0542_00_Leavanny.png
748,748,0,,,1,17,/static/pokemon_forms/0543_00_Venipede.png
749,749,0,,,1,17,/static/pokemon_forms/0544_00_Whirlipede.png
750,750,0,,,1,17,/static/pokemon_forms/0545_00_Scolipede.png
751,751,0,,,1,17,/static/pokemon_forms/0545_01_Scolipede.png
752,752,0,,,1,17,/static/pokemon_forms/0546_00_Cottonee.png
753,753,0,,,1,17,/static/pokemon_forms/0547_00_Whimsicott.png
754,754,0,,,1,17,/static/pokemon_forms/0548_00_Petilil.png
755,755,0,,,1,17,/static/pokemon_forms/0549_00_Lilligant.png
756,756,0,,,1,17,/static/pokemon_forms/0549_01_Lilligant.png
757,757,0,,,1,17,/static/pokemon_forms/0550_00_Basculin.png
758,758,0,,,1,17,/static/pokemon_forms/0550_01_Basculin.png
759,759,0,,,1,17,/static/pokemon_forms/0550_02_Basculin.png
760,760,0,,,1,17,/static/pokemon_forms/0551_00_Sandile.png
761,761,0,,,1,17,/static/pokemon_forms/0552_00_Krokorok.png
762,762,0,,,1,17,/static/pokemon_forms/0553_00_Krookodile.png
763,763,0,,,1,17,/static/pokemon_forms/0554_00_Darumaka.png
764,764,0,,,1,17,/static/pokemon_forms/0554_01_Darumaka.png
765,765,0,,,1,17,/static/pokemon_forms/0555_00_Darmanitan.png
766,766,0,,,1,17,/static/pokemon_forms/0555_01_Darmanitan.png
767,767,0,,,1,17,/static/pokemon_forms/0555_02_Darmanitan.png
768,768,0,,,1,17,/static/pokemon_forms/0555_03_Darmanitan.png
769,769,0,,,1,17,/static/pokemon_forms/0556_00_Maractus.png
770,770,0,,,1,17,/static/pokemon_forms/0557_00_Dwebble.png
771,771,0,,,1,17,/static/pokemon_forms/0558_00_Crustle.png
772,772,0,,,1,17,/static/pokemon_forms/0559_00_Scraggy.png
773,773,0,,,1,17,/static/pokemon_forms/0560_00_Scrafty.png
774,774,0,,,1,17,/static/pokemon_forms/0560_01_Scrafty.png
775,775,0,,,1,17,/static/pokemon_forms/0561_00_Sigilyph.png
776,776,0,,,1,17,/static/pokemon_forms/0562_00_Yamask.png
777,777,0,,,1,17,/static/pokemon_forms/0562_01_Yamask.png
778,778,0,,,1,17,/static/pokemon_forms/0563_00_Cofagrigus.png
779,779,0,,,1,17,/static/pokemon_forms/0564_00_Tirtouga.png
780,780,0,,,1,17,/static/pokemon_forms/0565_00_Carracosta.png
781,781,0,,,1,17,/static/pokemon_forms/0566_00_Archen.png
782,782,0,,,1,17,/static/pokemon_forms/0567_00_Archeops.png
783,783,0,,,1,17,/static/pokemon_forms/0568_00_Trubbish.png
784,784,0,,,1,17,/static/pokemon_forms/0569_00_Garbodor.png
785,785,0,,,1,17,/static/pokemon_forms/0569_01_Garbodor.png
786,786,0,,,1,17,/static/pokemon_forms/0570_00_Zorua.png
787,787,0,,,1,17,/static/pokemon_forms/0570_01_Zorua.png
788,788,0,,,1,17,/static/pokemon_forms/0571_00_Zoroark.png
789,789,0,,,1,17,/static/pokemon_forms/0571_01_Zoroark.png
790,790,0,,,1,17,/static/pokemon_forms/0572_00_Minccino.png
791,791,0,,,1,17,/static/pokemon_forms/0573_00_Cinccino.png
792,792,0,,,1,17,/static/pokemon_forms/0574_00_Gothita.png
793,793,0,,,1,17,/static/pokemon_forms/0575_00_Gothorita.png
794,794,0,,,1,17,/static/pokemon_forms/0576_00_Gothitelle.png
795,795,0,,,1,17,/static/pokemon_forms/0577_00_Solosis.png
796,796,0,,,1,17,/static/pokemon_forms/0578_00_Duosion.png
797,797,0,,,1,17,/static/pokemon_forms/0579_00_Reuniclus.png
798,798,0,,,1,17,/static/pokemon_forms/0580_00_Ducklett.png
799,799,0,,,1,17,/static/pokemon_forms/0581_00_Swanna.png
800,800,0,,,1,17,/static/pokemon_forms/0582_00_Vanillite.png
801,801,0,,,1,17,/static/pokemon_forms/0583_00_Vanillish.png
802,802,0,,,1,17,/static/pokemon_forms/0584_00_Vanilluxe.png
803,803,0,,,1,18,/static/pokemon_forms/0585_00_Deerling.png
804,804,0,,,1,18,/static/pokemon_forms/0585_01_Deerling.png
805,805,0,,,1,18,/static/pokemon_forms/0585_02_Deerling.png
806,806,0,,,1,18,/static/pokemon_forms/0585_03_Deerling.png
807,807,0,,,1,18,/static/pokemon_forms/0586_00_Sawsbuck.png
808,808,0,,,1,19,/static/pokemon_forms/0586_01_Sawsbuck.png
809,809,0,,,1,19,/static/pokemon_forms/0586_02_Sawsbuck.png
810,810,0,,,1,20,/static/pokemon_forms/0586_03_Sawsbuck.png
811,811,0,,,1,20,/static/pokemon_forms/0587_00_Emolga.png
812,812,0,,,1,20,/static/pokemon_forms/0588_00_Karrablast.png
813,813,0,,,1,20,/static/pokemon_forms/0589_00_Escavalier.png
814,814,0,,,1,20,/static/pokemon_forms/0590_00_Foongus.png
815,815,0,,,1,20,/static/pokemon_forms/0591_00_Amoonguss.png
816,816,0,,,1,20,/static/pokemon_forms/0592_00_Frillish.png
817,817,0,,,1,20,/static/pokemon_forms/0593_00_Jellicent.png
818,818,0,,,1,20,/static/pokemon_forms/0594_00_Alomomola.png
819,819,0,,,1,20,/static/pokemon_forms/0595_00_Joltik.png
820,820,0,,,1,20,/static/pokemon_forms/0596_00_Galvantula.png
821,821,0,,,1,20,/static/pokemon_forms/0597_00_Ferroseed.png
822,822,0,,,1,20,/static/pokemon_forms/0598_00_Ferrothorn.png
823,823,0,,,1,20,/static/pokemon_forms/0599_00_Klink.png
824,824,0,,,1,20,/static/pokemon_forms/0600_00_Klang.png
825,825,0,,,1,20,/static/pokemon_forms/0601_00_Klinklang.png
826,826,0,,,1,20,/static/pokemon_forms/0602_00_Tynamo.png
827,827,0,,,1,20,/static/pokemon_forms/0603_00_Eelektrik.png
828,828,0,,,1,20,/static/pokemon_forms/0604_00_Eelektross.png
829,829,0,,,1,20,/static/pokemon_forms/0604_01_Eelektross.png
830,830,0,,,1,20,/static/pokemon_forms/0605_00_Elgyem.png
831,831,0,,,1,20,/static/pokemon_forms/0606_00_Beheeyem.png
832,832,0,,,1,20,/static/pokemon_forms/0607_00_Litwick.png
833,833,0,,,1,20,/static/pokemon_forms/0608_00_Lampent.png
834,834,0,,,1,20,/static/pokemon_forms/0609_00_Chandelure.png
835,835,0,,,1,20,/static/pokemon_forms/0609_01_Chandelure.png
836,836,0,,,1,20,/static/pokemon_forms/0610_00_Axew.png
837,837,0,,,1,20,/static/pokemon_forms/0611_00_Fraxure.png
838,838,0,,,1,20,/static/pokemon_forms/0612_00_Haxorus.png
839,839,0,,,1,20,/static/pokemon_forms/0613_00_Cubchoo.png
840,840,0,,,1,20,/static/pokemon_forms/0614_00_Beartic.png
841,841,0,,,1,20,/static/pokemon_forms/0615_00_Cryogonal.png
842,842,0,,,1,20,/static/pokemon_forms/0616_00_Shelmet.png
843,843,0,,,1,20,/static/pokemon_forms/0617_00_Accelgor.png
844,844,0,,,1,20,/static/pokemon_forms/0618_00_Stunfisk.png
845,845,0,,,1,20,/static/pokemon_forms/0618_01_Stunfisk.png
846,846,0,,,1,20,/static/pokemon_forms/0619_00_Mienfoo.png
847,847,0,,,1,20,/static/pokemon_forms/0620_00_Mienshao.png
848,848,0,,,1,20,/static/pokemon_forms/0621_00_Druddigon.png
849,849,0,,,1,20,/static/pokemon_forms/0622_00_Golett.png
850,850,0,,,1,20,/static/pokemon_forms/0623_00_Golurk.png
851,851,0,,,1,20,/static/pokemon_forms/0624_00_Pawniard.png
852,852,0,,,1,20,/static/pokemon_forms/0625_00_Bisharp.png
853,853,0,,,1,20,/static/pokemon_forms/0626_00_Bouffalant.png
854,854,0,Phony Form,위작폼,1,20,/static/pokemon_forms/0627_00_Rufflet.png
855,855,0,Phony Form,위작폼,1,20,/static/pokemon_forms/0628_00_Braviary.png
856,856,0,,,1,20,/static/pokemon_forms/0628_01_Braviary.png
857,857,0,,,1,20,/static/pokemon_forms/0629_00_Vullaby.png
858,858,0,,,1,20,/static/pokemon_forms/0630_00_Mandibuzz.png
859,859,0,,,1,20,/static/pokemon_forms/0631_00_Heatmor.png
860,860,0,,,1,20,/static/pokemon_forms/0632_00_Durant.png
861,861,0,,,1,20,/static/pokemon_forms/0633_00_Deino.png
862,862,0,,,1,20,/static/pokemon_forms/0634_00_Zweilous.png
863,863,0,,,1,20,/static/pokemon_forms/0635_00_Hydreigon.png
864,864,0,,,1,20,/static/pokemon_forms/0636_00_Larvesta.png
865,865,0,,,1,20,/static/pokemon_forms/0637_00_Volcarona.png
866,866,0,,,1,20,/static/pokemon_forms/0638_00_Cobalion.png
867,867,0,,,1,20,/static/pokemon_forms/0639_00_Terrakion.png
868,868,0,,,1,20,/static/pokemon_forms/0640_00_Virizion.png
869,869,0,Strawberry Sweet Vanilla Cream,딸기사탕공예 밀키바닐라,1,20,/static/pokemon_forms/0641_00_Tornadus.png
870,870,0,,,1,20,/static/pokemon_forms/0641_01_Tornadus.png
871,871,0,,,1,20,/static/pokemon_forms/0642_00_Thundurus.png
872,872,0,,,1,20,/static/pokemon_forms/0642_01_Thundurus.png
873,873,0,,,1,20,/static/pokemon_forms/0643_00_Reshiram.png
874,874,0,,,1,20,/static/pokemon_forms/0644_00_Zekrom.png
875,875,0,,,1,20,/static/pokemon_forms/0645_00_Landorus.png
876,876,0,,,1,20,/static/pokemon_forms/0645_01_Landorus.png
877,877,0,,,1,20,/static/pokemon_forms/0646_00_Kyurem.png
878,878,0,,,1,20,/static/pokemon_forms/0646_01_Kyurem.png
879,879,0,,,1,20,/static/pokemon_forms/0646_02_Kyurem.png
880,880,0,,,1,20,/static/pokemon_forms/0647_00_Keldeo.png
881,881,0,,,1,20,/static/pokemon_forms/0647_01_Keldeo.png
882,882,0,,,1,20,/static/pokemon_forms/0648_00_Meloetta.png
883,883,0,,,1,20,/static/pokemon_forms/0648_01_Meloetta.png
884,884,0,,,1,20,/static/pokemon_forms/0649_00_Genesect.png
885,885,0,,,1,20,/static/pokemon_forms/0649_01_Genesect.png
886,886,0,,,1,20,/static/pokemon_forms/0649_02_Genesect.png
887,887,0,,,1,20,/static/pokemon_forms/0649_03_Genesect.png
888,888,0,,,1,20,/static/pokemon_forms/0649_04_Genesect.png
889,889,0,,,1,20,/static/pokemon_forms/0650_00_Chespin.png
890,890,0,,,1,20,/static/pokemon_forms/0651_00_Quilladin.png
891,891,0,,,1,20,/static/pokemon_forms/0652_00_Chesnaught.png
892,892,0,,,1,20,/static/pokemon_forms/0652_01_Chesnaught.png
893,893,0,,,1,20,/static/pokemon_forms/0653_00_Fennekin.png
894,894,0,,,1,24,/static/pokemon_forms/0654_00_Braixen.png
895,895,0,,,1,24,/static/pokemon_forms/0655_00_Delphox.png
896,896,0,,,1,24,/static/pokemon_forms/0655_01_Delphox.png
897,897,0,,,1,24,/static/pokemon_forms/0656_00_Froakie.png
898,898,0,,,1,24,/static/pokemon_forms/0657_00_Frogadier.png
899,899,0,,,1,25,/static/pokemon_forms/0658_00_Greninja.png
900,900,0,,,1,25,/static/pokemon_forms/0658_01_Greninja.png
901,901,0,,,1,25,/static/pokemon_forms/0658_02_Greninja.png
902,902,0,,,1,25,/static/pokemon_forms/0658_03_Greninja.png
903,903,0,,,1,25,/static/pokemon_forms/0659_00_Bunnelby.png
904,904,0,,,1,25,/static/pokemon_forms/0660_00_Diggersby.png
905,905,0,,,1,25,/static/pokemon_forms/0661_00_Fletchling.png
906,906,0,,,1,25,/static/pokemon_forms/0662_00_Fletchinder.png
907,907,0,,,1,25,/static/pokemon_forms/0663_00_Talonflame.png
908,908,0,,,1,25,/static/pokemon_forms/0664_00_Scatterbug.png
909,909,0,,,1,25,/static/pokemon_forms/0664_01_Scatterbug.png
910,910,0,,,1,25,/static/pokemon_forms/0664_02_Scatterbug.png
911,911,0,,,1,25,/static/pokemon_forms/0664_03_Scatterbug.png
912,912,0,,,1,25,/static/pokemon_forms/0664_04_Scatterbug.png
913,913,0,,,1,25,/static/pokemon_forms/0664_05_Scatterbug.png
914,914,0,,,1,25,/static/pokemon_forms/0664_06_Scatterbug.png
915,915,0,,,1,25,/static/pokemon_forms/0664_07_Scatterbug.png
916,916,0,,,1,25,/static/pokemon_forms/0664_08_Scatterbug.png
917,917,0,,,1,25,/static/pokemon_forms/0664_09_Scatterbug.png
918,918,0,,,1,25,/static/pokemon_forms/0664_10_Scatterbug.png
919,919,0,,,1,25,/static/pokemon_forms/0664_11_Scatterbug.png
920,920,0,,,1,25,/static/pokemon_forms/0664_12_Scatterbug.png
921,921,0,,,1,25,/static/pokemon_forms/0664_13_Scatterbug.png
922,922,0,,,1,25,/static/pokemon_forms/0664_14_Scatterbug.png
923,923,0,,,1,25,/static/pokemon_forms/0664_15_Scatterbug.png
924,924,0,,,1,25,/static/pokemon_forms/0664_16_Scatterbug.png
925,925,0,,,1,25,/static/pokemon_forms/0664_17_Scatterbug.png
926,926,0,,,1,25,/static/pokemon_forms/0664_18_Scatterbug.png
927,927,0,,,1,25,/static/pokemon_forms/0664_19_Scatterbug.png
928,928,0,,,1,25,/static/pokemon_forms/0665_00_Spewpa.png
929,929,0,,,1,25,/static/pokemon_forms/0665_01_Spewpa.png
930,930,0,,,1,25,/static/pokemon_forms/0665_02_Spewpa.png
931,931,0,,,1,25,/static/pokemon_forms/0665_03_Spewpa.png
932,932,0,,,1,25,/static/pokemon_forms/0665_04_Spewpa.png
933,933,0,,,1,25,/static/pokemon_forms/0665_05_Spewpa.png
934,934,0,,,1,25,/static/pokemon_forms/0665_06_Spewpa.png
935,935,0,,,1,25,/static/pokemon_forms/0665_07_Spewpa.png
936,936,0,,,1,25,/static/pokemon_forms/0665_08_Spewpa.png
937,937,0,,,1,25,/static/pokemon_forms/0665_09_Spewpa.png
938,938,0,,,1,25,/static/pokemon_forms/0665_10_Spewpa.png
939,939,0,,,1,25,/static/pokemon_forms/0665_11_Spewpa.png
940,940,0,,,1,25,/static/pokemon_forms/0665_12_Spewpa.png
941,941,0,,,1,25,/static/pokemon_forms/0665_13_Spewpa.png
942,942,0,,,1,25,/static/pokemon_forms/0665_14_Spewpa.png
943,943,0,,,1,25,/static/pokemon_forms/0665_15_Spewpa.png
944,944,0,,,1,25,/static/pokemon_forms/0665_16_Spewpa.png
945,945,0,,,1,25,/static/pokemon_forms/0665_17_Spewpa.png
946,946,0,,,1,25,/static/pokemon_forms/0665_18_Spewpa.png
947,947,0,,,1,25,/static/pokemon_forms/0665_19_Spewpa.png
948,948,0,,,1,25,/static/pokemon_forms/0666_00_Vivillon.png
949,949,0,,,1,25,/static/pokemon_forms/0666_01_Vivillon.png
950,950,0,,,1,25,/static/pokemon_forms/0666_02_Vivillon.png
951,951,0,,,1,25,/static/pokemon_forms/0666_03_Vivillon.png
952,952,0,,,1,25,/static/pokemon_forms/0666_04_Vivillon.png
953,953,0,,,1,25,/static/pokemon_forms/0666_05_Vivillon.png
954,954,0,,,1,25,/static/pokemon_forms/0666_06_Vivillon.png
955,955,0,,,1,25,/static/pokemon_forms/0666_07_Vivillon.png
956,956,0,,,1,25,/static/pokemon_forms/0666_08_Vivillon.png
957,957,0,,,1,25,/static/pokemon_forms/0666_09_Vivillon.png
958,958,0,,,1,25,/static/pokemon_forms/0666_10_Vivillon.png
959,959,0,,,1,25,/static/pokemon_forms/0666_11_Vivillon.png
960,960,0,,,1,25,/static/pokemon_forms/0666_12_Vivillon.png
961,961,0,,,1,25,/static/pokemon_forms/0666_13_Vivillon.png
962,962,0,,,1,25,/static/pokemon_forms/0666_14_Vivillon.png
963,963,0,,,1,25,/static/pokemon_forms/0666_15_Vivillon.png
964,964,0,,,1,25,/static/pokemon_forms/0666_16_Vivillon.png
965,965,0,,,1,25,/static/pokemon_forms/0666_17_Vivillon.png
966,966,0,,,1,25,/static/pokemon_forms/0666_18_Vivillon.png
967,967,0,,,1,25,/static/pokemon_forms/0666_19_Vivillon.png
968,968,0,,,1,25,/static/pokemon_forms/0667_00_Litleo.png
969,969,0,,,1,25,/static/pokemon_forms/0668_00_Pyroar.png
970,970,0,,,1,25,/static/pokemon_forms/0668_01_Pyroar.png
971,971,0,,,1,25,/static/pokemon_forms/0669_00_Flabébé.png
972,972,0,,,1,25,/static/pokemon_forms/0669_01_Flabébé.png
973,973,0,,,1,25,/static/pokemon_forms/0669_02_Flabébé.png
974,974,0,,,1,25,/static/pokemon_forms/0669_03_Flabébé.png
975,975,0,,,1,25,/static/pokemon_forms/0669_04_Flabébé.png
976,976,0,,,1,25,/static/pokemon_forms/0670_00_Floette.png
977,977,0,,,1,25,/static/pokemon_forms/0670_01_Floette.png
978,978,0,,,1,25,/static/pokemon_forms/0670_02_Floette.png
979,979,0,,,1,25,/static/pokemon_forms/0670_03_Floette.png
980,980,0,,,1,25,/static/pokemon_forms/0670_04_Floette.png
981,981,0,,,1,25,/static/pokemon_forms/0670_05_Floette.png
982,982,0,,,1,25,/static/pokemon_forms/0670_06_Floette.png
983,983,0,,,1,25,/static/pokemon_forms/0671_00_Florges.png
984,984,0,,,1,25,/static/pokemon_forms/0671_01_Florges.png
985,985,0,,,1,25,/static/pokemon_forms/0671_02_Florges.png
986,986,0,,,1,25,/static/pokemon_forms/0671_03_Florges.png
987,987,0,,,1,25,/static/pokemon_forms/0671_04_Florges.png
988,988,0,,,1,25,/static/pokemon_forms/0672_00_Skiddo.png
989,989,0,,,1,25,/static/pokemon_forms/0673_00_Gogoat.png
990,990,0,,,1,25,/static/pokemon_forms/0674_00_Pancham.png
991,991,0,,,1,25,/static/pokemon_forms/0675_00_Pangoro.png
992,992,0,,,1,25,/static/pokemon_forms/0676_00_Furfrou.png
993,993,0,,,1,25,/static/pokemon_forms/0676_01_Furfrou.png
994,994,0,,,1,25,/static/pokemon_forms/0676_02_Furfrou.png
995,995,0,,,1,25,/static/pokemon_forms/0676_03_Furfrou.png
996,996,0,,,1,25,/static/pokemon_forms/0676_04_Furfrou.png
997,997,0,,,1,25,/static/pokemon_forms/0676_05_Furfrou.png
998,998,0,,,1,25,/static/pokemon_forms/0676_06_Furfrou.png
999,999,0,,,1,25,/static/pokemon_forms/0676_07_Furfrou.png
1000,1000,0,,,1,25,/static/pokemon_forms/0676_08_Furfrou.png
1001,1001,0,,,1,25,/static/pokemon_forms/0676_09_Furfrou.png
1002,1002,0,,,1,25,/static/pokemon_forms/0677_00_Espurr.png
1003,1003,0,,,1,25,/static/pokemon_forms/0678_00_Meowstic.png
1004,1004,0,,,1,26,/static/pokemon_forms/0678_01_Meowstic.png
1005,1005,0,,,1,26,/static/pokemon_forms/0679_00_Honedge.png
1006,1006,0,,,1,26,/static/pokemon_forms/0680_00_Doublade.png
1007,1007,0,Apex Build,완전형태,1,26,/static/pokemon_forms/0681_00_Aegislash.png
1008,1008,0,Ultimate Mode,컴플리트모드,1,26,/static/pokemon_forms/0681_01_Aegislash.png
1009,1009,0,,,1,26,/static/pokemon_forms/0682_00_Spritzee.png
1010,1010,0,,,1,26,/static/pokemon_forms/0683_00_Aromatisse.png
1011,1011,0,,,1,26,/static/pokemon_forms/0684_00_Swirlix.png
1012,1012,0,Counterfeit Form,가짜배기의 모습,1,26,/static/pokemon_forms/0685_00_Slurpuff.png
1013,1013,0,Unremarkable Form,범작의 모습,1,27,/static/pokemon_forms/0686_00_Inkay.png
1014,1014,0,,,1,27,/static/pokemon_forms/0687_00_Malamar.png
1015,1015,0,,,1,27,/static/pokemon_forms/0687_01_Malamar.png
1016,1016,0,,,1,27,/static/pokemon_forms/0688_00_Binacle.png
1017,1017,0,,,1,27,/static/pokemon_forms/0689_00_Barbaracle.png
1018,1018,0,,,1,27,/static/pokemon_forms/0689_01_Barbaracle.png
1019,1019,0,,,1,27,/static/pokemon_forms/0690_00_Skrelp.png
1020,1020,0,,,1,27,/static/pokemon_forms/0691_00_Dragalge.png
1021,1021,0,,,1,27,/static/pokemon_forms/0691_01_Dragalge.png
1022,1022,0,,,1,27,/static/pokemon_forms/0692_00_Clauncher.png
1023,1023,0,,,1,27,/static/pokemon_forms/0693_00_Clawitzer.png
1024,1024,0,,,1,27,/static/pokemon_forms/0694_00_Helioptile.png
1025,1025,0,,,1,27,/static/pokemon_forms/0695_00_Heliolisk.png
10001,201,1,B,B,0,3,/static/pokemon_forms/0696_00_Tyrunt.png
10002,201,2,C,C,0,3,/static/pokemon_forms/0697_00_Tyrantrum.png
10003,201,3,D,D,0,3,/static/pokemon_forms/0698_00_Amaura.png
10004,201,4,E,E,0,3,/static/pokemon_forms/0699_00_Aurorus.png
10005,201,5,F,F,1,3,/static/pokemon_forms/0700_00_Sylveon.png
10006,201,6,G,G,0,3,/static/pokemon_forms/0701_00_Hawlucha.png
10007,201,7,H,H,0,3,/static/pokemon_forms/0701_01_Hawlucha.png
10008,201,8,I,I,0,3,/static/pokemon_forms/0702_00_Dedenne.png
10009,201,9,J,J,0,3,/static/pokemon_forms/0703_00_Carbink.png
10010,201,10,K,K,0,3,/static/pokemon_forms/0704_00_Goomy.png
10011,201,11,L,L,0,3,/static/pokemon_forms/0705_00_Sliggoo.png
10012,201,12,M,M,0,3,/static/pokemon_forms/0705_01_Sliggoo.png
10013,201,13,N,N,0,3,/static/pokemon_forms/0706_00_Goodra.png
10014,201,14,O,O,0,3,/static/pokemon_forms/0706_01_Goodra.png
10015,201,15,P,P,0,3,/static/pokemon_forms/0707_00_Klefki.png
10016,201,16,Q,Q,0,3,/static/pokemon_forms/0708_00_Phantump.png
10017,201,17,R,R,0,3,/static/pokemon_forms/0709_00_Trevenant.png
10018,201,18,S,S,0,3,/static/pokemon_forms/0710_00_Pumpkaboo.png
10019,201,19,T,T,0,3,/static/pokemon_forms/0710_01_Pumpkaboo.png
10020,201,20,U,U,0,3,/static/pokemon_forms/0710_02_Pumpkaboo.png
10021,201,21,V,V,0,3,/static/pokemon_forms/0710_03_Pumpkaboo.png
10022,201,22,W,W,0,3,/static/pokemon_forms/0711_00_Gourgeist.png
10023,201,23,X,X,0,3,/static/pokemon_forms/0711_01_Gourgeist.png
10024,201,24,Y,Y,0,3,/static/pokemon_forms/0711_02_Gourgeist.png
10025,201,25,Z,Z,0,3,/static/pokemon_forms/0711_03_Gourgeist.png
10026,201,26,!,!,0,5,/static/pokemon_forms/0712_00_Bergmite.png
10027,201,27,?,?,0,5,/static/pokemon_forms/0713_00_Avalugg.png
10028,10013,1,,,1,5,/static/pokemon_forms/0713_01_Avalugg.png
10029,10014,2,,,1,5,/static/pokemon_forms/0714_00_Noibat.png
10030,10015,3,,,1,5,/static/pokemon_forms/0715_00_Noivern.png
10031,10001,1,,,1,7,/static/pokemon_forms/0716_00_Xerneas.png
10032,10002,2,,,1,7,/static/pokemon_forms/0716_01_Xerneas.png
10033,10003,3,,,1,6,/static/pokemon_forms/0717_00_Yveltal.png
10034,412,1,Sandy Cloak,모래땅도롱,1,8,/static/pokemon_forms/0718_00_Zygarde.png
10035,412,2,Trash Cloak,슈레도롱,1,8,/static/pokemon_forms/0718_01_Zygarde.png
10036,10004,1,,,1,8,/static/pokemon_forms/0718_02_Zygarde.png
10037,10005,2,,,1,8,/static/pokemon_forms/0718_03_Zygarde.png
10038,421,1,Sunshine Form,포지폼,0,8,/static/pokemon_forms/0718_04_Zygarde.png
10039,422,1,East Sea,동쪽바다,0,8,/static/pokemon_forms/0718_05_Zygarde.png
10040,423,1,West Sea,동쪽바다,0,8,/static/pokemon_forms/0719_00_Diancie.png
10041,20000,1,,,1,8,/static/pokemon_forms/0719_01_Diancie.png
10042,20001,2,,,1,8,/static/pokemon_forms/0720_00_Hoopa.png
10043,20002,3,,,1,8,/static/pokemon_forms/0720_01_Hoopa.png
10044,20003,4,,,1,8,/static/pokemon_forms/0721_00_Volcanion.png
10045,20004,5,,,1,8,/static/pokemon_forms/0722_00_Rowlet.png
10046,20005,6,,,1,8,/static/pokemon_forms/0723_00_Dartrix.png
10047,20006,7,,,1,8,/static/pokemon_forms/0724_00_Decidueye.png
10048,20007,8,,,1,8,/static/pokemon_forms/0724_01_Decidueye.png
10049,20008,9,,,1,8,/static/pokemon_forms/0725_00_Litten.png
10050,20009,10,,,1,8,/static/pokemon_forms/0726_00_Torracat.png
10051,20010,11,,,1,8,/static/pokemon_forms/0727_00_Incineroar.png
10052,20011,12,,,1,8,/static/pokemon_forms/0728_00_Popplio.png
10053,20012,13,,,1,8,/static/pokemon_forms/0729_00_Brionne.png
10054,20013,14,,,1,8,/static/pokemon_forms/0730_00_Primarina.png
10055,20014,15,,,1,8,/static/pokemon_forms/0731_00_Pikipek.png
10056,20015,16,,,1,8,/static/pokemon_forms/0732_00_Trumbeak.png
10058,10008,1,,,1,9,/static/pokemon_forms/0733_00_Toucannon.png
10059,10009,2,,,1,9,/static/pokemon_forms/0734_00_Yungoos.png
10060,10010,3,,,1,9,/static/pokemon_forms/0735_00_Gumshoos.png
10061,10011,4,,,1,9,/static/pokemon_forms/0735_01_Gumshoos.png
10062,10012,5,,,1,9,/static/pokemon_forms/0736_00_Grubbin.png
10063,10007,1,,,1,9,/static/pokemon_forms/0737_00_Charjabug.png
10064,10006,1,,,1,9,/static/pokemon_forms/0738_00_Vikavolt.png
10065,172,1,Spiky Eared,삐죽귀 피츄,1,10,/static/pokemon_forms/0738_01_Vikavolt.png
10066,10016,1,,,0,11,/static/pokemon_forms/0739_00_Crabrawler.png
10067,10017,1,,,0,11,/static/pokemon_forms/0740_00_Crabominable.png
10068,585,1,Summer Form,여름의 모습,0,11,/static/pokemon_forms/0741_00_Oricorio.png
10069,585,2,Autumn Form,가을의 모습,0,11,/static/pokemon_forms/0741_02_Oricorio.png
10070,585,3,Winter Form,겨울의 모습,0,11,/static/pokemon_forms/0741_03_Oricorio.png
10071,586,1,Summer Form,여름의 모습,0,11,/static/pokemon_forms/0741_04_Oricorio.png
10072,586,2,Autumn Form,가을의 모습,0,11,/static/pokemon_forms/0742_00_Cutiefly.png
10073,586,3,Winter Form,겨울의 모습,0,11,/static/pokemon_forms/0743_00_Ribombee.png
10074,10018,1,,,1,11,/static/pokemon_forms/0743_01_Ribombee.png
10075,649,2,Shock Drive,라이트닝카세트,0,11,/static/pokemon_forms/0744_00_Rockruff.png
10076,649,3,Burn Drive,블레이즈카세트,0,11,/static/pokemon_forms/0744_01_Rockruff.png
10077,649,4,Chill Drive,프리즈카세트,0,11,/static/pokemon_forms/0745_00_Lycanroc.png
10078,649,1,Douse Drive,아쿠아카세트,0,11,/static/pokemon_forms/0745_01_Lycanroc.png
10079,10019,1,,,1,14,/static/pokemon_forms/0745_02_Lycanroc.png
10080,10020,1,,,1,14,/static/pokemon_forms/0746_00_Wishiwashi.png
10081,10021,1,,,1,14,/static/pokemon_forms/0746_01_Wishiwashi.png
10082,10022,1,,,1,14,/static/pokemon_forms/0747_00_Mareanie.png
10083,10023,2,,,1,14,/static/pokemon_forms/0748_00_Toxapex.png
10084,10024,1,,,1,14,/static/pokemon_forms/0749_00_Mudbray.png
10085,493,17,,,1,15,/static/pokemon_forms/0750_00_Mudsdale.png
10086,666,1,Archipelago,군도의 모양,0,15,/static/pokemon_forms/0751_00_Dewpider.png
10087,666,2,Continental,대륙의 모양,0,15,/static/pokemon_forms/0752_00_Araquanid.png
10088,666,3,Elegant,우아한 모양,0,15,/static/pokemon_forms/0752_01_Araquanid.png
10089,666,4,Garden,정원의 모양,0,15,/static/pokemon_forms/0753_00_Fomantis.png
10090,666,5,High Plains,황야의 모양,0,15,/static/pokemon_forms/0754_00_Lurantis.png
10091,666,6,Icy Snow,빙설의 모양,0,15,/static/pokemon_forms/0754_01_Lurantis.png
10092,666,7,Jungle,정글의 모양,0,15,/static/pokemon_forms/0755_00_Morelull.png
10093,666,8,Marine,마린의 모양,0,15,/static/pokemon_forms/0756_00_Shiinotic.png
10094,666,9,Modern,모던한 모양,0,15,/static/pokemon_forms/0757_00_Salandit.png
10095,666,10,Monsoon,스콜의 모양,0,15,/static/pokemon_forms/0758_00_Salazzle.png
10096,666,11,Ocean,오션의 모양,0,15,/static/pokemon_forms/0758_01_Salazzle.png
10097,666,12,Polar,설국의 모양,0,15,/static/pokemon_forms/0759_00_Stufful.png
10098,666,13,River,대하의 모양,0,15,/static/pokemon_forms/0760_00_Bewear.png
10099,666,14,Sandstorm,사진의 모양,0,15,/static/pokemon_forms/0761_00_Bounsweet.png
10100,666,15,Savanna,사바나의 모양,0,15,/static/pokemon_forms/0762_00_Steenee.png
10101,666,16,Sun,태양의 모양,0,15,/static/pokemon_forms/0763_00_Tsareena.png
10102,666,17,Tundra,설원의 모양,0,15,/static/pokemon_forms/0764_00_Comfey.png
10103,669,1,Yellow,노란 꽃,0,15,/static/pokemon_forms/0765_00_Oranguru.png
10104,669,2,Orange,오렌지색 꽃,0,15,/static/pokemon_forms/0766_00_Passimian.png
10105,669,3,Blue,파란 꽃,0,15,/static/pokemon_forms/0767_00_Wimpod.png
10106,669,4,White,하얀 꽃,0,15,/static/pokemon_forms/0768_00_Golisopod.png
10107,670,1,Yellow,노란 꽃,0,15,/static/pokemon_forms/0769_00_Sandygast.png
10108,670,2,Orange,오렌지색 꽃,0,15,/static/pokemon_forms/0770_00_Palossand.png
10109,670,3,Blue,파란 꽃,0,15,/static/pokemon_forms/0771_00_Pyukumuku.png
10110,670,4,White,하얀 꽃,0,15,/static/pokemon_forms/0772_00_Type:_Null.png
10111,671,1,Yellow,노란 꽃,0,15,/static/pokemon_forms/0773_00_Silvally.png
10112,671,2,Orange,오렌지색 꽃,0,15,/static/pokemon_forms/0773_01_Silvally.png
10113,671,3,Blue,파란 꽃,0,15,/static/pokemon_forms/0773_02_Silvally.png
10114,671,4,White,하얀 꽃,0,15,/static/pokemon_forms/0773_03_Silvally.png
10115,676,1,Heart,하트컷,0,15,/static/pokemon_forms/0773_04_Silvally.png
10116,676,2,Star,스타컷,0,15,/static/pokemon_forms/0773_05_Silvally.png
10117,676,3,Diamond,다이아컷,0,15,/static/pokemon_forms/0773_06_Silvally.png
10118,676,4,Debutante,레이디컷,0,15,/static/pokemon_forms/0773_07_Silvally.png
10119,676,5,Matron,마담컷,0,15,/static/pokemon_forms/0773_08_Silvally.png
10120,676,6,Dandy,젠틀컷,0,15,/static/pokemon_forms/0773_09_Silvally.png
10121,676,7,La Reine,퀸컷,0,15,/static/pokemon_forms/0773_10_Silvally.png
10122,676,8,Kabuki,가부키컷,0,15,/static/pokemon_forms/0773_11_Silvally.png
10123,676,9,Pharaoh,킹덤컷,0,15,/static/pokemon_forms/0773_12_Silvally.png
10124,10025,1,,,1,15,/static/pokemon_forms/0773_13_Silvally.png
10125,10026,1,,,1,15,/static/pokemon_forms/0773_14_Silvally.png
10126,10027,1,,,1,15,/static/pokemon_forms/0773_15_Silvally.png
10127,10028,2,,,1,15,/static/pokemon_forms/0773_16_Silvally.png
10128,10029,3,,,1,15,/static/pokemon_forms/0773_17_Silvally.png
10129,10030,1,,,1,15,/static/pokemon_forms/0774_00_Minior.png
10130,10031,2,,,1,15,/static/pokemon_forms/0774_01_Minior.png
10131,10032,3,,,1,15,/static/pokemon_forms/0774_02_Minior.png
10132,716,1,Neutral,릴렉스모드,0,15,/static/pokemon_forms/0774_03_Minior.png
10133,10033,1,,,1,15,/static/pokemon_forms/0774_04_Minior.png
10134,10034,1,,,1,15,/static/pokemon_forms/0774_05_Minior.png
10135,10035,2,,,1,15,/static/pokemon_forms/0774_06_Minior.png
10136,10036,1,,,1,15,/static/pokemon_forms/0774_07_Minior.png
10137,10037,1,,,1,15,/static/pokemon_forms/0774_08_Minior.png
10138,10038,1,,,1,15,/static/pokemon_forms/0774_09_Minior.png
10139,10039,1,,,1,15,/static/pokemon_forms/0774_10_Minior.png
10140,10040,1,,,1,15,/static/pokemon_forms/0774_11_Minior.png
10141,10041,1,,,1,15,/static/pokemon_forms/0774_12_Minior.png
10142,10042,1,,,1,15,/static/pokemon_forms/0774_13_Minior.png
10143,10043,1,,,1,15,/static/pokemon_forms/0775_00_Komala.png
10144,10044,2,,,1,15,/static/pokemon_forms/0776_00_Turtonator.png
10145,10045,1,,,1,15,/static/pokemon_forms/0777_00_Togedemaru.png
10146,10046,1,,,1,15,/static/pokemon_forms/0777_01_Togedemaru.png
10147,10047,1,,,1,15,/static/pokemon_forms/0778_00_Mimikyu.png
10148,10048,1,,,1,15,/static/pokemon_forms/0778_01_Mimikyu.png
10149,10049,1,,,1,15,/static/pokemon_forms/0778_02_Mimikyu.png
10150,10050,1,,,1,15,/static/pokemon_forms/0778_03_Mimikyu.png
10151,10051,1,,,1,15,/static/pokemon_forms/0779_00_Bruxish.png
10152,10052,1,,,1,15,/static/pokemon_forms/0780_00_Drampa.png
10153,10053,1,,,1,15,/static/pokemon_forms/0780_01_Drampa.png
10154,10054,1,,,1,15,/static/pokemon_forms/0781_00_Dhelmise.png
10155,10055,1,,,1,15,/static/pokemon_forms/0782_00_Jangmo-o.png
10156,10056,1,,,1,15,/static/pokemon_forms/0783_00_Hakamo-o.png
10157,10057,1,,,1,15,/static/pokemon_forms/0784_00_Kommo-o.png
10158,10058,1,,,1,15,/static/pokemon_forms/0784_01_Kommo-o.png
10159,10059,1,,,1,15,/static/pokemon_forms/0785_00_Tapu_Koko.png
10160,10060,1,,,1,15,/static/pokemon_forms/0786_00_Tapu_Lele.png
10161,666,18,Fancy,팬시한 모양,1,15,/static/pokemon_forms/0787_00_Tapu_Bulu.png
10162,666,19,Poké Ball,볼의 모양,1,15,/static/pokemon_forms/0788_00_Tapu_Fini.png
10163,10061,5,,,1,15,/static/pokemon_forms/0789_00_Cosmog.png
10164,10062,1,,,1,16,/static/pokemon_forms/0790_00_Cosmoem.png
10165,10063,1,,,1,16,/static/pokemon_forms/0791_00_Solgaleo.png
10166,10064,1,,,1,16,/static/pokemon_forms/0792_00_Lunala.png
10167,10065,1,,,1,16,/static/pokemon_forms/0793_00_Nihilego.png
10168,10066,1,,,1,16,/static/pokemon_forms/0794_00_Buzzwole.png
10169,10067,1,,,1,16,/static/pokemon_forms/0795_00_Pheromosa.png
10170,10068,1,,,1,16,/static/pokemon_forms/0796_00_Xurkitree.png
10171,10069,1,,,1,16,/static/pokemon_forms/0797_00_Celesteela.png
10172,10070,1,,,1,16,/static/pokemon_forms/0798_00_Kartana.png
10173,10071,1,,,1,16,/static/pokemon_forms/0799_00_Guzzlord.png
10174,10072,1,,,1,16,/static/pokemon_forms/0800_00_Necrozma.png
10175,10073,1,,,1,16,/static/pokemon_forms/0800_01_Necrozma.png
10176,10074,1,,,1,16,/static/pokemon_forms/0800_02_Necrozma.png
10177,10075,1,,,1,16,/static/pokemon_forms/0800_03_Necrozma.png
10178,10076,1,,,1,16,/static/pokemon_forms/0801_00_Magearna.png
10179,10077,1,,,1,16,/static/pokemon_forms/0801_01_Magearna.png
10180,10078,1,,,1,16,/static/pokemon_forms/0802_00_Marshadow.png
10181,10079,1,,,1,16,/static/pokemon_forms/0803_00_Poipole.png
10182,10080,2,,,1,16,/static/pokemon_forms/0804_00_Naganadel.png
10183,10081,3,,,1,16,/static/pokemon_forms/0805_00_Stakataka.png
10184,10082,4,,,1,16,/static/pokemon_forms/0806_00_Blacephalon.png
10185,10083,5,,,1,16,/static/pokemon_forms/0807_00_Zeraora.png
10186,10084,6,,,1,16,/static/pokemon_forms/0808_00_Meltan.png
10187,10085,1,,,1,16,/static/pokemon_forms/0809_00_Melmetal.png
10188,10086,1,,,1,16,/static/pokemon_forms/0809_01_Melmetal.png
10189,10087,1,,,1,16,/static/pokemon_forms/0810_00_Grookey.png
10190,10088,1,,,1,16,/static/pokemon_forms/0811_00_Thwackey.png
10191,10089,1,,,1,16,/static/pokemon_forms/0812_00_Rillaboom.png
10192,10090,1,,,1,16,/static/pokemon_forms/0812_01_Rillaboom.png
10193,10091,1,,,1,17,/static/pokemon_forms/0813_00_Scorbunny.png
10194,10092,1,,,1,17,/static/pokemon_forms/0814_00_Raboot.png
10195,10093,2,,,1,17,/static/pokemon_forms/0815_00_Cinderace.png
10196,10094,7,,,1,17,/static/pokemon_forms/0815_01_Cinderace.png
10197,10095,8,,,1,17,/static/pokemon_forms/0816_00_Sobble.png
10198,10096,9,,,1,17,/static/pokemon_forms/0817_00_Drizzile.png
10199,10097,10,,,1,17,/static/pokemon_forms/0818_00_Inteleon.png
10200,10098,11,,,1,17,/static/pokemon_forms/0818_01_Inteleon.png
10201,10099,12,,,1,17,/static/pokemon_forms/0819_00_Skwovet.png
10202,10100,1,,,1,17,/static/pokemon_forms/0820_00_Greedent.png
10203,10101,1,,,1,17,/static/pokemon_forms/0821_00_Rookidee.png
10204,10102,1,,,1,17,/static/pokemon_forms/0822_00_Corvisquire.png
10205,10103,1,,,1,17,/static/pokemon_forms/0823_00_Corviknight.png
10206,10104,1,,,1,17,/static/pokemon_forms/0823_01_Corviknight.png
10207,10105,1,,,1,17,/static/pokemon_forms/0824_00_Blipbug.png
10208,10106,1,,,1,17,/static/pokemon_forms/0825_00_Dottler.png
10209,10107,1,,,1,17,/static/pokemon_forms/0826_00_Orbeetle.png
10210,10108,1,,,1,17,/static/pokemon_forms/0826_01_Orbeetle.png
10211,10109,1,,,1,17,/static/pokemon_forms/0827_00_Nickit.png
10212,10110,1,,,1,17,/static/pokemon_forms/0828_00_Thievul.png
10213,10111,1,,,1,17,/static/pokemon_forms/0829_00_Gossifleur.png
10214,10112,1,,,1,17,/static/pokemon_forms/0830_00_Eldegoss.png
10215,10113,1,,,1,17,/static/pokemon_forms/0831_00_Wooloo.png
10216,10114,1,,,1,17,/static/pokemon_forms/0832_00_Dubwool.png
10217,10115,1,,,1,17,/static/pokemon_forms/0833_00_Chewtle.png
10218,10116,1,,,1,17,/static/pokemon_forms/0834_00_Drednaw.png
10219,10117,2,,,1,17,/static/pokemon_forms/0834_01_Drednaw.png
10220,10118,4,,,1,17,/static/pokemon_forms/0835_00_Yamper.png
10221,10119,5,,,1,17,/static/pokemon_forms/0836_00_Boltund.png
10222,10120,2,,,1,17,/static/pokemon_forms/0837_00_Rolycoly.png
10223,10121,1,,,1,17,/static/pokemon_forms/0838_00_Carkol.png
10224,10122,1,,,1,17,/static/pokemon_forms/0839_00_Coalossal.png
10225,10123,1,,,1,17,/static/pokemon_forms/0839_01_Coalossal.png
10226,10124,2,,,1,17,/static/pokemon_forms/0840_00_Applin.png
10227,10125,3,,,1,17,/static/pokemon_forms/0841_00_Flapple.png
10228,10126,1,,,1,17,/static/pokemon_forms/0841_01_Flapple.png
10229,10127,1,,,1,17,/static/pokemon_forms/0842_00_Appletun.png
10230,10128,1,,,1,17,/static/pokemon_forms/0842_01_Appletun.png
10231,10129,1,,,1,17,/static/pokemon_forms/0843_00_Silicobra.png
10232,20017,1,,,1,17,/static/pokemon_forms/0844_00_Sandaconda.png
10233,20018,2,,,1,17,/static/pokemon_forms/0844_01_Sandaconda.png
10234,20019,3,,,1,17,/static/pokemon_forms/0845_00_Cramorant.png
10235,20020,4,,,1,17,/static/pokemon_forms/0845_01_Cramorant.png
10236,20021,5,,,1,17,/static/pokemon_forms/0845_02_Cramorant.png
10237,20022,6,,,1,17,/static/pokemon_forms/0846_00_Arrokuda.png
10238,20023,7,,,1,17,/static/pokemon_forms/0847_00_Barraskewda.png
10239,20024,8,,,1,17,/static/pokemon_forms/0848_00_Toxel.png
10240,20025,9,,,1,17,/static/pokemon_forms/0849_00_Toxtricity.png
10241,20026,10,,,1,17,/static/pokemon_forms/0849_01_Toxtricity.png
10242,20027,11,,,1,17,/static/pokemon_forms/0849_02_Toxtricity.png
10243,20028,12,,,1,17,/static/pokemon_forms/0849_03_Toxtricity.png
10244,20029,13,,,1,17,/static/pokemon_forms/0850_00_Sizzlipede.png
10245,20030,14,,,1,17,/static/pokemon_forms/0851_00_Centiskorch.png
10246,20031,15,,,1,17,/static/pokemon_forms/0851_01_Centiskorch.png
10247,20032,16,,,1,17,/static/pokemon_forms/0852_00_Clobbopus.png
10248,20033,17,,,1,17,/static/pokemon_forms/0853_00_Grapploct.png
10249,774,1,,,1,17,/static/pokemon_forms/0854_00_Sinistea.png
10250,774,2,,,1,17,/static/pokemon_forms/0854_01_Sinistea.png
10251,774,3,,,1,17,/static/pokemon_forms/0855_00_Polteageist.png
10252,774,4,,,1,17,/static/pokemon_forms/0855_01_Polteageist.png
10253,774,5,,,1,17,/static/pokemon_forms/0856_00_Hatenna.png
10254,774,6,,,1,17,/static/pokemon_forms/0857_00_Hattrem.png
10255,10130,7,,,1,17,/static/pokemon_forms/0858_00_Hatterene.png
10256,10130,8,,,1,17,/static/pokemon_forms/0858_01_Hatterene.png
10257,10130,9,,,1,17,/static/pokemon_forms/0859_00_Impidimp.png
10258,10130,10,,,1,17,/static/pokemon_forms/0860_00_Morgrem.png
10259,10130,11,,,1,17,/static/pokemon_forms/0861_00_Grimmsnarl.png
10260,10130,12,,,1,17,/static/pokemon_forms/0861_01_Grimmsnarl.png
10261,10130,13,,,1,17,/static/pokemon_forms/0862_00_Obstagoon.png
10262,10143,1,,,0,17,/static/pokemon_forms/0863_00_Perrserker.png
10263,10144,2,,,0,17,/static/pokemon_forms/0864_00_Cursola.png
10264,10145,3,,,0,17,/static/pokemon_forms/0865_00_Sirfetch'd.png
10265,10146,1,,,0,17,/static/pokemon_forms/0866_00_Mr._Rime.png
10266,10147,1,,,0,17,/static/pokemon_forms/0867_00_Runerigus.png
10267,10148,13,,,0,18,/static/pokemon_forms/0868_00_Milcery.png
10268,10149,2,,,0,18,/static/pokemon_forms/0869_00_Alcremie.png
10269,414,1,,,0,18,/static/pokemon_forms/0869_01_Alcremie.png
10270,414,2,,,0,18,/static/pokemon_forms/0869_02_Alcremie.png
10271,664,1,Archipelago,군도의 모양,0,15,/static/pokemon_forms/0869_03_Alcremie.png
10272,664,2,Continental,대륙의 모양,0,15,/static/pokemon_forms/0869_04_Alcremie.png
10273,664,3,Elegant,우아한 모양,0,15,/static/pokemon_forms/0869_05_Alcremie.png
10274,664,4,Garden,정원의 모양,0,15,/static/pokemon_forms/0869_06_Alcremie.png
10275,664,5,High Plains,황야의 모양,0,15,/static/pokemon_forms/0869_07_Alcremie.png
10276,664,6,Icy Snow,빙설의 모양,0,15,/static/pokemon_forms/0869_08_Alcremie.png
10277,664,7,Jungle,정글의 모양,0,15,/static/pokemon_forms/0869_09_Alcremie.png
10278,664,8,Marine,마린의 모양,0,15,/static/pokemon_forms/0869_10_Alcremie.png
10279,664,9,Modern,모던한 모양,0,15,/static/pokemon_forms/0869_11_Alcremie.png
10280,664,10,Monsoon,스콜의 모양,0,15,/static/pokemon_forms/0869_12_Alcremie.png
10281,664,11,Ocean,오션의 모양,0,15,/static/pokemon_forms/0869_13_Alcremie.png
10282,664,12,Polar,설국의 모양,0,15,/static/pokemon_forms/0869_14_Alcremie.png
10283,664,13,River,대하의 모양,0,15,/static/pokemon_forms/0869_15_Alcremie.png
10284,664,14,Sandstorm,사진의 모양,0,15,/static/pokemon_forms/0869_16_Alcremie.png
10285,664,15,Savanna,사바나의 모양,0,15,/static/pokemon_forms/0869_17_Alcremie.png
10286,664,16,Sun,태양의 모양,0,15,/static/pokemon_forms/0869_18_Alcremie.png
10287,664,17,Tundra,설원의 모양,0,15,/static/pokemon_forms/0869_19_Alcremie.png
10288,664,18,Fancy,팬시한 모양,0,15,/static/pokemon_forms/0869_20_Alcremie.png
10289,664,19,Poké Ball,볼의 모양,0,15,/static/pokemon_forms/0869_21_Alcremie.png
10290,665,1,Archipelago,군도의 모양,0,15,/static/pokemon_forms/0869_22_Alcremie.png
10291,665,2,Continental,대륙의 모양,0,15,/static/pokemon_forms/0869_23_Alcremie.png
10292,665,3,Elegant,우아한 모양,0,15,/static/pokemon_forms/0869_24_Alcremie.png
10293,665,4,Garden,정원의 모양,0,15,/static/pokemon_forms/0869_25_Alcremie.png
10294,665,5,High Plains,황야의 모양,0,15,/static/pokemon_forms/0869_26_Alcremie.png
10295,665,6,Icy Snow,빙설의 모양,0,15,/static/pokemon_forms/0869_27_Alcremie.png
10296,665,7,Jungle,정글의 모양,0,15,/static/pokemon_forms/0869_28_Alcremie.png
10297,665,8,Marine,마린의 모양,0,15,/static/pokemon_forms/0869_29_Alcremie.png
10298,665,9,Modern,모던한 모양,0,15,/static/pokemon_forms/0869_30_Alcremie.png
10299,665,10,Monsoon,스콜의 모양,0,15,/static/pokemon_forms/0869_31_Alcremie.png
10300,665,11,Ocean,오션의 모양,0,15,/static/pokemon_forms/0869_32_Alcremie.png
10301,665,12,Polar,설국의 모양,0,15,/static/pokemon_forms/0869_33_Alcremie.png
10302,665,13,River,대하의 모양,0,15,/static/pokemon_forms/0869_34_Alcremie.png
10303,665,14,Sandstorm,사진의 모양,0,15,/static/pokemon_forms/0869_35_Alcremie.png
10304,665,15,Savanna,사바나의 모양,0,15,/static/pokemon_forms/0869_36_Alcremie.png
10305,665,16,Sun,태양의 모양,0,15,/static/pokemon_forms/0869_37_Alcremie.png
10306,665,17,Tundra,설원의 모양,0,15,/static/pokemon_forms/0869_38_Alcremie.png
10307,665,18,Fancy,팬시한 모양,0,15,/static/pokemon_forms/0869_39_Alcremie.png
10308,665,19,Poké Ball,볼의 모양,0,15,/static/pokemon_forms/0869_40_Alcremie.png
10309,10150,1,,,0,18,/static/pokemon_forms/0869_41_Alcremie.png
10310,10151,1,,,0,18,/static/pokemon_forms/0869_42_Alcremie.png
10311,10152,2,,,0,18,/static/pokemon_forms/0869_43_Alcremie.png
10312,10153,1,,,0,18,/static/pokemon_forms/0869_44_Alcremie.png
10313,10154,1,,,0,18,/static/pokemon_forms/0869_45_Alcremie.png
10314,10155,1,,,0,18,/static/pokemon_forms/0869_46_Alcremie.png
10315,10156,2,,,0,18,/static/pokemon_forms/0869_47_Alcremie.png
10316,10157,3,,,0,18,/static/pokemon_forms/0869_48_Alcremie.png
10317,10158,14,,,0,19,/static/pokemon_forms/0869_49_Alcremie.png
10318,10159,1,,,1,19,/static/pokemon_forms/0869_50_Alcremie.png
10319,10160,15,,,1,20,/static/pokemon_forms/0869_51_Alcremie.png
10320,10161,2,,,1,20,/static/pokemon_forms/0869_52_Alcremie.png
10321,10162,1,,,1,20,/static/pokemon_forms/0869_53_Alcremie.png
10322,10163,1,,,1,20,/static/pokemon_forms/0869_54_Alcremie.png
10323,10164,1,,,1,20,/static/pokemon_forms/0869_55_Alcremie.png
10324,10165,2,,,1,20,/static/pokemon_forms/0869_56_Alcremie.png
10325,10166,1,,,1,20,/static/pokemon_forms/0869_57_Alcremie.png
10326,10167,1,,,1,20,/static/pokemon_forms/0869_58_Alcremie.png
10327,10168,1,,,1,20,/static/pokemon_forms/0869_59_Alcremie.png
10328,10169,1,,,1,20,/static/pokemon_forms/0869_60_Alcremie.png
10329,10170,1,,,1,20,/static/pokemon_forms/0869_61_Alcremie.png
10330,10171,1,,,1,20,/static/pokemon_forms/0869_62_Alcremie.png
10331,10172,1,,,1,20,/static/pokemon_forms/0869_63_Alcremie.png
10332,10173,1,,,1,20,/static/pokemon_forms/0870_00_Falinks.png
10333,10174,1,,,1,20,/static/pokemon_forms/0870_01_Falinks.png
10334,10175,1,,,1,20,/static/pokemon_forms/0871_00_Pincurchin.png
10335,10176,1,,,1,20,/static/pokemon_forms/0872_00_Snom.png
10336,10177,2,,,1,20,/static/pokemon_forms/0873_00_Frosmoth.png
10337,10178,3,,,1,20,/static/pokemon_forms/0874_00_Stonjourner.png
10338,10179,1,,,1,20,/static/pokemon_forms/0875_00_Eiscue.png
10339,10180,1,,,1,20,/static/pokemon_forms/0875_01_Eiscue.png
10340,10181,1,,,1,20,/static/pokemon_forms/0876_00_Indeedee.png
10341,10182,1,,,1,20,/static/pokemon_forms/0876_01_Indeedee.png
10342,10183,2,,,1,20,/static/pokemon_forms/0877_00_Morpeko.png
10343,10184,1,,,0,20,/static/pokemon_forms/0877_01_Morpeko.png
10344,854,1,Antique Form,진작폼,1,20,/static/pokemon_forms/0878_00_Cufant.png
10345,855,1,Antique Form,진작폼,1,20,/static/pokemon_forms/0879_00_Copperajah.png
10346,869,1,Strawberry Sweet Ruby Cream,딸기사탕공예 밀키루비,1,20,/static/pokemon_forms/0879_01_Copperajah.png
10347,869,2,Strawberry Sweet Matcha Cream,딸기사탕공예 밀키말차,1,20,/static/pokemon_forms/0880_00_Dracozolt.png
10348,869,3,Strawberry Sweet Mint Cream,딸기사탕공예 밀키민트,1,20,/static/pokemon_forms/0881_00_Arctozolt.png
10349,869,4,Strawberry Sweet Lemon Cream,딸기사탕공예 밀키레몬,1,20,/static/pokemon_forms/0882_00_Dracovish.png
10350,869,5,Strawberry Sweet Salted,딸기사탕공예 밀키솔트,1,20,/static/pokemon_forms/0883_00_Arctovish.png
10351,869,6,Strawberry Sweet Ruby Swirl,딸기사탕공예 루비믹스,1,20,/static/pokemon_forms/0884_00_Duraludon.png
10352,869,7,Strawberry Sweet Caramel Swirl,딸기사탕공예 캐러멜믹스,1,20,/static/pokemon_forms/0884_01_Duraludon.png
10353,869,8,Strawberry Sweet Rainbow Swirl,딸기사탕공예 트리플믹스,1,20,/static/pokemon_forms/0885_00_Dreepy.png
10354,10185,1,,,0,20,/static/pokemon_forms/0886_00_Drakloak.png
10355,10186,1,,,0,20,/static/pokemon_forms/0887_00_Dragapult.png
10356,10187,1,,,0,20,/static/pokemon_forms/0888_00_Zacian.png
10357,10188,1,,,0,20,/static/pokemon_forms/0888_01_Zacian.png
10358,10189,1,,,0,20,/static/pokemon_forms/0889_00_Zamazenta.png
10359,10190,1,,,0,20,/static/pokemon_forms/0889_01_Zamazenta.png
10360,10191,1,,,0,20,/static/pokemon_forms/0890_00_Eternatus.png
10361,10192,1,,,0,20,/static/pokemon_forms/0890_01_Eternatus.png
10362,10193,1,,,0,20,/static/pokemon_forms/0891_00_Kubfu.png
10363,10194,2,,,0,20,/static/pokemon_forms/0892_00_Urshifu.png
10364,10195,2,,,0,20,/static/pokemon_forms/0892_01_Urshifu.png
10365,10196,3,,,0,20,/static/pokemon_forms/0892_02_Urshifu.png
10366,10197,2,,,0,20,/static/pokemon_forms/0892_03_Urshifu.png
10367,10198,1,,,0,20,/static/pokemon_forms/0893_00_Zarude.png
10368,10199,16,,,0,20,/static/pokemon_forms/0893_01_Zarude.png
10369,10200,3,,,0,20,/static/pokemon_forms/0894_00_Regieleki.png
10370,10201,1,,,0,20,/static/pokemon_forms/0895_00_Regidrago.png
10371,10202,2,,,0,20,/static/pokemon_forms/0896_00_Glastrier.png
10372,10203,1,,,0,20,/static/pokemon_forms/0897_00_Spectrier.png
10373,10204,1,,,0,20,/static/pokemon_forms/0898_00_Calyrex.png
10374,10205,2,,,0,20,/static/pokemon_forms/0898_01_Calyrex.png
10375,10206,1,,,0,20,/static/pokemon_forms/0898_02_Calyrex.png
10376,10207,1,,,0,20,/static/pokemon_forms/0899_00_Wyrdeer.png
10377,10208,1,,,0,20,/static/pokemon_forms/0900_00_Kleavor.png
10378,10209,1,,,0,20,/static/pokemon_forms/0901_00_Ursaluna.png
10379,10210,1,,,0,20,/static/pokemon_forms/0901_01_Ursaluna.png
10380,10211,1,,,0,20,/static/pokemon_forms/0902_00_Basculegion.png
10381,10212,1,,,0,20,/static/pokemon_forms/0902_01_Basculegion.png
10382,10213,1,,,0,20,/static/pokemon_forms/0903_00_Sneasler.png
10383,10214,1,,,0,20,/static/pokemon_forms/0904_00_Overqwil.png
10384,10215,1,,,0,20,/static/pokemon_forms/0905_00_Enamorus.png
10385,10216,1,,,0,20,/static/pokemon_forms/0905_01_Enamorus.png
10386,10217,1,,,0,20,/static/pokemon_forms/0906_00_Sprigatito.png
10387,10218,1,,,0,20,/static/pokemon_forms/0907_00_Floragato.png
10388,10219,2,,,0,20,/static/pokemon_forms/0908_00_Meowscarada.png
10389,10220,1,,,0,20,/static/pokemon_forms/0909_00_Fuecoco.png
10390,10221,1,,,0,20,/static/pokemon_forms/0910_00_Crocalor.png
10391,10222,1,,,0,20,/static/pokemon_forms/0911_00_Skeledirge.png
10392,10223,63,,,0,20,/static/pokemon_forms/0912_00_Quaxly.png
10393,10224,1,,,0,20,/static/pokemon_forms/0913_00_Quaxwell.png
10394,10225,1,,,0,20,/static/pokemon_forms/0914_00_Quaquaval.png
10395,10226,2,,,0,20,/static/pokemon_forms/0915_00_Lechonk.png
10396,10227,3,,,0,20,/static/pokemon_forms/0916_00_Oinkologne.png
10397,10228,3,,,0,20,/static/pokemon_forms/0916_01_Oinkologne.png
10398,10229,1,,,0,24,/static/pokemon_forms/0917_00_Tarountula.png
10399,10230,1,,,0,24,/static/pokemon_forms/0918_00_Spidops.png
10400,10231,1,,,0,24,/static/pokemon_forms/0919_00_Nymble.png
10401,10232,1,,,0,24,/static/pokemon_forms/0920_00_Lokix.png
10402,10233,1,,,0,24,/static/pokemon_forms/0921_00_Pawmi.png
10403,10234,1,,,0,24,/static/pokemon_forms/0922_00_Pawmo.png
10404,10235,1,,,0,24,/static/pokemon_forms/0923_00_Pawmot.png
10405,10236,1,,,0,24,/static/pokemon_forms/0924_00_Tandemaus.png
10406,10237,1,,,0,24,/static/pokemon_forms/0925_00_Maushold.png
10407,10238,1,,,0,24,/static/pokemon_forms/0925_01_Maushold.png
10408,10239,1,,,0,24,/static/pokemon_forms/0926_00_Fidough.png
10409,10240,1,,,0,24,/static/pokemon_forms/0927_00_Dachsbun.png
10410,10241,1,,,0,24,/static/pokemon_forms/0928_00_Smoliv.png
10411,10242,1,,,0,24,/static/pokemon_forms/0929_00_Dolliv.png
10412,10243,1,,,0,24,/static/pokemon_forms/0930_00_Arboliva.png
10413,10244,1,,,0,24,/static/pokemon_forms/0931_00_Squawkabilly.png
10414,10245,1,,,0,24,/static/pokemon_forms/0931_01_Squawkabilly.png
10415,10246,1,,,0,24,/static/pokemon_forms/0931_02_Squawkabilly.png
10416,10247,2,,,0,24,/static/pokemon_forms/0931_03_Squawkabilly.png
10417,10248,1,,,0,24,/static/pokemon_forms/0932_00_Nacli.png
10418,10249,1,,,0,24,/static/pokemon_forms/0933_00_Naclstack.png
10419,10250,1,,,0,25,/static/pokemon_forms/0934_00_Garganacl.png
10420,10251,2,,,0,25,/static/pokemon_forms/0935_00_Charcadet.png
10421,10252,3,,,0,25,/static/pokemon_forms/0936_00_Armarouge.png
10422,10253,1,,,0,25,/static/pokemon_forms/0937_00_Ceruledge.png
10423,10254,1,,,0,25,/static/pokemon_forms/0938_00_Tadbulb.png
10424,10255,1,,,1,25,/static/pokemon_forms/0939_00_Bellibolt.png
10425,10256,1,,,1,25,/static/pokemon_forms/0940_00_Wattrel.png
10426,10257,1,,,1,25,/static/pokemon_forms/0941_00_Kilowattrel.png
10427,10258,1,,,1,25,/static/pokemon_forms/0942_00_Maschiff.png
10428,10259,2,,,1,25,/static/pokemon_forms/0943_00_Mabosstiff.png
10429,10260,1,,,1,25,/static/pokemon_forms/0944_00_Shroodle.png
10430,10261,2,,,1,25,/static/pokemon_forms/0945_00_Grafaiai.png
10431,10262,3,,,1,25,/static/pokemon_forms/0946_00_Bramblin.png
10432,10263,1,,,1,25,/static/pokemon_forms/0947_00_Brambleghast.png
10433,10264,1,,,0,25,/static/pokemon_forms/0948_00_Toedscool.png
10434,10265,2,,,0,25,/static/pokemon_forms/0949_00_Toedscruel.png
10435,10266,3,,,0,25,/static/pokemon_forms/0950_00_Klawf.png
10436,10267,4,,,0,25,/static/pokemon_forms/0951_00_Capsakid.png
10437,10268,1,,,0,25,/static/pokemon_forms/0952_00_Scovillain.png
10438,10269,2,,,0,25,/static/pokemon_forms/0953_00_Rellor.png
10439,10270,3,,,0,25,/static/pokemon_forms/0954_00_Rabsca.png
10440,10271,4,,,0,26,/static/pokemon_forms/0955_00_Flittle.png
10441,10272,1,,,1,26,/static/pokemon_forms/0956_00_Espathra.png
10442,10273,1,,,1,26,/static/pokemon_forms/0957_00_Tinkatink.png
10443,10274,2,,,1,26,/static/pokemon_forms/0958_00_Tinkatuff.png
10444,10275,3,,,1,27,/static/pokemon_forms/0959_00_Tinkaton.png
10445,10276,1,,,1,27,/static/pokemon_forms/0960_00_Wiglett.png
10446,10277,2,,,1,30,/static/pokemon_forms/0961_00_Wugtrio.png
10447,1012,1,Artisan Form,알짜배기의 모습,0,27,/static/pokemon_forms/0962_00_Bombirdier.png
10448,1013,1,Masterpiece Form,걸작의 모습,0,27,/static/pokemon_forms/0963_00_Finizen.png
10449,869,9,Berry Sweet Vanilla Cream,베리사탕공예 밀키바닐라,0,20,/static/pokemon_forms/0964_00_Palafin.png
10450,869,10,Berry Sweet Ruby Cream,베리사탕공예 밀키루비,0,20,/static/pokemon_forms/0964_01_Palafin.png
10451,869,11,Berry Sweet Matcha Cream,베리사탕공예 밀키말차,0,20,/static/pokemon_forms/0965_00_Varoom.png
10452,869,12,Berry Sweet Mint Cream,베리사탕공예 밀키민트,0,20,/static/pokemon_forms/0966_00_Revavroom.png
10453,869,13,Berry Sweet Lemon Cream,베리사탕공예 밀키레몬,0,20,/static/pokemon_forms/0967_00_Cyclizar.png
10454,869,14,Berry Sweet Salted,베리사탕공예 밀키솔트,0,20,/static/pokemon_forms/0968_00_Orthworm.png
10455,869,15,Berry Sweet Ruby Swirl,베리사탕공예 루비믹스,0,20,/static/pokemon_forms/0969_00_Glimmet.png
10456,869,16,Berry Sweet Caramel Swirl,베리사탕공예 캐러멜믹스,0,20,/static/pokemon_forms/0970_00_Glimmora.png
10457,869,17,Berry Sweet Rainbow Swirl,베리사탕공예 트리플믹스,0,20,/static/pokemon_forms/0971_00_Greavard.png
10458,869,18,Love Sweet Vanilla Cream,하트사탕공예 밀키바닐라,0,20,/static/pokemon_forms/0972_00_Houndstone.png
10459,869,19,Love Sweet Ruby Cream,하트사탕공예 밀키루비,0,20,/static/pokemon_forms/0973_00_Flamigo.png
10460,869,20,Love Sweet Matcha Cream,하트사탕공예 밀키말차,0,20,/static/pokemon_forms/0974_00_Cetoddle.png
10461,869,21,Love Sweet Mint Cream,하트사탕공예 밀키민트,0,20,/static/pokemon_forms/0975_00_Cetitan.png
10462,869,22,Love Sweet Lemon Cream,하트사탕공예 밀키레몬,0,20,/static/pokemon_forms/0976_00_Veluza.png
10463,869,23,Love Sweet Salted,하트사탕공예 밀키솔트,0,20,/static/pokemon_forms/0977_00_Dondozo.png
10464,869,24,Love Sweet Ruby Swirl,하트사탕공예 루비믹스,0,20,/static/pokemon_forms/0978_00_Tatsugiri.png
10465,869,25,Love Sweet Caramel Swirl,하트사탕공예 캐러멜믹스,0,20,/static/pokemon_forms/0978_01_Tatsugiri.png
10466,869,26,Love Sweet Rainbow Swirl,하트사탕공예 트리플믹스,0,20,/static/pokemon_forms/0978_02_Tatsugiri.png
10467,869,27,Star Sweet Vanilla Cream,스타사탕공예 밀키바닐라,0,20,/static/pokemon_forms/0979_00_Annihilape.png
10468,869,28,Star Sweet Ruby Cream,스타사탕공예 밀키루비,0,20,/static/pokemon_forms/0980_00_Clodsire.png
10469,869,29,Star Sweet Matcha Cream,스타사탕공예 밀키말차,0,20,/static/pokemon_forms/0981_00_Farigiraf.png
10470,869,30,Star Sweet Mint Cream,스타사탕공예 밀키민트,0,20,/static/pokemon_forms/0982_00_Dudunsparce.png
10471,869,31,Star Sweet Lemon Cream,스타사탕공예 밀키레몬,0,20,/static/pokemon_forms/0982_01_Dudunsparce.png
10472,869,32,Star Sweet Salted,스타사탕공예 밀키솔트,0,20,/static/pokemon_forms/0983_00_Kingambit.png
10473,869,33,Star Sweet Ruby Swirl,스타사탕공예 루비믹스,0,20,/static/pokemon_forms/0984_00_Great_Tusk.png
10474,869,34,Star Sweet Caramel Swirl,스타사탕공예 캐러멜믹스,0,20,/static/pokemon_forms/0985_00_Scream_Tail.png
10475,869,35,Star Sweet Rainbow Swirl,스타사탕공예 트리플믹스,0,20,/static/pokemon_forms/0986_00_Brute_Bonnet.png
10476,869,36,Clover Sweet Vanilla Cream,네잎사탕공예 밀키바닐라,0,20,/static/pokemon_forms/0987_00_Flutter_Mane.png
10477,869,37,Clover Sweet Ruby Cream,네잎사탕공예 밀키루비,0,20,/static/pokemon_forms/0988_00_Slither_Wing.png
10478,869,38,Clover Sweet Matcha Cream,네잎사탕공예 밀키말차,0,20,/static/pokemon_forms/0989_00_Sandy_Shocks.png
10479,869,39,Clover Sweet Mint Cream,네잎사탕공예 밀키민트,0,20,/static/pokemon_forms/0990_00_Iron_Treads.png
10480,869,40,Clover Sweet Lemon Cream,네잎사탕공예 밀키레몬,0,20,/static/pokemon_forms/0991_00_Iron_Bundle.png
10481,869,41,Clover Sweet Salted,네잎사탕공예 밀키솔트,0,20,/static/pokemon_forms/0992_00_Iron_Hands.png
10482,869,42,Clover Sweet Ruby Swirl,네잎사탕공예 루비믹스,0,20,/static/pokemon_forms/0993_00_Iron_Jugulis.png
10483,869,43,Clover Sweet Caramel Swirl,네잎사탕공예 캐러멜믹스,0,20,/static/pokemon_forms/0994_00_Iron_Moth.png
10484,869,44,Clover Sweet Rainbow Swirl,네잎사탕공예 트리플믹스,0,20,/static/pokemon_forms/0995_00_Iron_Thorns.png
10485,869,45,Flower Sweet Vanilla Cream,꽃사탕공예 밀키바닐라,0,20,/static/pokemon_forms/0996_00_Frigibax.png
10486,869,46,Flower Sweet Ruby Cream,꽃사탕공예 밀키루비,0,20,/static/pokemon_forms/0997_00_Arctibax.png
10487,869,47,Flower Sweet Matcha Cream,꽃사탕공예 밀키말차,0,20,/static/pokemon_forms/0998_00_Baxcalibur.png
10488,869,48,Flower Sweet Mint Cream,꽃사탕공예 밀키민트,0,20,/static/pokemon_forms/0999_00_Gimmighoul.png
10489,869,49,Flower Sweet Lemon Cream,꽃사탕공예 밀키레몬,0,20,/static/pokemon_forms/0999_01_Gimmighoul.png
10490,869,50,Flower Sweet Salted,꽃사탕공예 밀키솔트,0,20,/static/pokemon_forms/1000_00_Gholdengo.png
10491,869,51,Flower Sweet Ruby Swirl,꽃사탕공예 루비믹스,0,20,/static/pokemon_forms/1001_00_Wo-Chien.png
10492,869,52,Flower Sweet Caramel Swirl,꽃사탕공예 캐러멜믹스,0,20,/static/pokemon_forms/1002_00_Chien-Pao.png
10493,869,53,Flower Sweet Rainbow Swirl,꽃사탕공예 트리플믹스,0,20,/static/pokemon_forms/1003_00_Ting-Lu.png
10494,869,54,Ribbon Sweet Vanilla Cream,리본사탕공예 밀키바닐라,0,20,/static/pokemon_forms/1004_00_Chi-Yu.png
10495,869,55,Ribbon Sweet Ruby Cream,리본사탕공예 밀키루비,0,20,/static/pokemon_forms/1005_00_Roaring_Moon.png
10496,869,56,Ribbon Sweet Matcha Cream,리본사탕공예 밀키말차,0,20,/static/pokemon_forms/1006_00_Iron_Valiant.png
10497,869,57,Ribbon Sweet Mint Cream,리본사탕공예 밀키민트,0,20,/static/pokemon_forms/1007_00_Koraidon.png
10498,869,58,Ribbon Sweet Lemon Cream,리본사탕공예 밀키레몬,0,20,/static/pokemon_forms/1007_01_Koraidon.png
10499,869,59,Ribbon Sweet Salted,리본사탕공예 밀키솔트,0,20,/static/pokemon_forms/1007_02_Koraidon.png
10500,869,60,Ribbon Sweet Ruby Swirl,리본사탕공예 루비믹스,0,20,/static/pokemon_forms/1007_03_Koraidon.png
10501,869,61,Ribbon Sweet Caramel Swirl,리본사탕공예 캐러멜믹스,0,20,/static/pokemon_forms/1007_04_Koraidon.png
10502,869,62,Ribbon Sweet Rainbow Swirl,리본사탕공예 트리플믹스,0,20,/static/pokemon_forms/1008_00_Miraidon.png
10503,10278,1,,,1,30,/static/pokemon_forms/1008_01_Miraidon.png
10504,10279,1,,,1,30,/static/pokemon_forms/1008_02_Miraidon.png
10505,10280,1,,,1,30,/static/pokemon_forms/1008_03_Miraidon.png
10506,10281,1,,,1,30,/static/pokemon_forms/1008_04_Miraidon.png
10507,10282,1,,,1,30,/static/pokemon_forms/1009_00_Walking_Wake.png
10508,10283,1,,,1,30,/static/pokemon_forms/1010_00_Iron_Leaves.png
10509,10284,1,,,1,30,/static/pokemon_forms/1011_00_Dipplin.png
10510,10285,1,,,1,30,/static/pokemon_forms/1012_00_Poltchageist.png
10511,10286,1,,,1,30,/static/pokemon_forms/1012_01_Poltchageist.png
10512,10287,1,,,1,30,/static/pokemon_forms/1013_00_Sinistcha.png
10513,10288,1,,,1,30,/static/pokemon_forms/1013_01_Sinistcha.png
10514,10289,1,,,1,30,/static/pokemon_forms/1014_00_Okidogi.png
10515,10290,1,,,1,30,/static/pokemon_forms/1015_00_Munkidori.png
10516,10291,1,,,1,30,/static/pokemon_forms/1016_00_Fezandipiti.png
10517,10292,1,,,1,30,/static/pokemon_forms/1017_00_Ogerpon.png
10518,10293,1,,,1,30,/static/pokemon_forms/1017_01_Ogerpon.png
10519,10294,3,,,1,30,/static/pokemon_forms/1017_02_Ogerpon.png
10520,10295,1,,,1,30,/static/pokemon_forms/1017_03_Ogerpon.png
10521,10296,6,,,1,30,/static/pokemon_forms/1018_00_Archaludon.png
10522,10297,1,,,1,30,/static/pokemon_forms/1019_00_Hydrapple.png
10523,10298,1,,,1,30,/static/pokemon_forms/1020_00_Gouging_Fire.png
10524,10299,1,,,1,30,/static/pokemon_forms/1021_00_Raging_Bolt.png
10525,10300,1,,,1,30,/static/pokemon_forms/1022_00_Iron_Boulder.png
10526,10301,3,,,1,30,/static/pokemon_forms/1023_00_Iron_Crown.png
10527,10302,1,,,1,30,/static/pokemon_forms/1024_00_Terapagos.png
10528,10303,1,,,1,30,/static/pokemon_forms/1024_01_Terapagos.png
10529,10304,2,,,1,30,/static/pokemon_forms/1024_02_Terapagos.png
10530,10305,3,,,1,30,/static/pokemon_forms/1025_00_Pecharunt.png
